{
  "157013": [],
  "79197": [
    [
      "one Emmy Award",
      "WORK_OF_ART"
    ],
    [
      "Outstanding Original Music and Lyrics",
      "WORK_OF_ART"
    ],
    [
      "Emmy Award",
      "WORK_OF_ART"
    ],
    [
      "Emmy",
      "WORK_OF_ART"
    ],
    [
      "American",
      "NORP"
    ],
    [
      "LRB",
      "ORG"
    ],
    [
      "American",
      "NORP"
    ],
    [
      "Tony Award -LRB",
      "WORK_OF_ART"
    ],
    [
      "RRB",
      "ORG"
    ],
    [
      "Grammy Award -LRB",
      "WORK_OF_ART"
    ]
  ],
  "116274": [
    [
      "one",
      "CARDINAL"
    ],
    [
      "the 20th century",
      "DATE"
    ],
    [
      "over 100 million",
      "CARDINAL"
    ]
  ],
  "54560": [
    [
      "120",
      "CARDINAL"
    ],
    [
      "New York City",
      "GPE"
    ],
    [
      "Columbia University",
      "ORG"
    ],
    [
      "New York University",
      "ORG"
    ],
    [
      "Rockefeller University",
      "ORG"
    ],
    [
      "35",
      "CARDINAL"
    ]
  ],
  "69390": [
    [
      "Silicon Valley",
      "LOC"
    ],
    [
      "the San Francisco Bay Area",
      "LOC"
    ],
    [
      "U.S.",
      "GPE"
    ],
    [
      "California",
      "GPE"
    ]
  ],
  "98565": [
    [
      "John Frankenheimer",
      "PERSON"
    ],
    [
      "Burt Lancaster",
      "PERSON"
    ],
    [
      "Kirk Douglas",
      "PERSON"
    ],
    [
      "Fredric March",
      "PERSON"
    ],
    [
      "Ava Gardner",
      "PERSON"
    ],
    [
      "Burton Stephen `` Burt '",
      "PERSON"
    ],
    [
      "Lancaster",
      "GPE"
    ],
    [
      "November 2 , 1913",
      "DATE"
    ],
    [
      "October 20 , 1994",
      "DATE"
    ],
    [
      "RRB",
      "ORG"
    ],
    [
      "American",
      "NORP"
    ],
    [
      "Kirk Douglas -LRB",
      "PERSON"
    ],
    [
      "Issur Danielovitch",
      "PERSON"
    ],
    [
      "December 9 , 1916",
      "DATE"
    ],
    [
      "RRB",
      "ORG"
    ],
    [
      "American",
      "NORP"
    ]
  ],
  "90847": [
    [
      "Tom Felton",
      "PERSON"
    ],
    [
      "Draco Malfoy",
      "PERSON"
    ],
    [
      "Harry Potter",
      "PERSON"
    ]
  ],
  "156381": [
    [
      "Twain",
      "PERSON"
    ],
    [
      "second",
      "ORDINAL"
    ],
    [
      "1995",
      "DATE"
    ],
    [
      "The Woman in Me",
      "WORK_OF_ART"
    ],
    [
      "20 million",
      "CARDINAL"
    ],
    [
      "Any Man of Mine '",
      "WORK_OF_ART"
    ],
    [
      "a Grammy Award",
      "WORK_OF_ART"
    ]
  ],
  "28847": [
    [
      "English",
      "LANGUAGE"
    ],
    [
      "3",
      "CARDINAL"
    ],
    [
      "Boom 3",
      "WORK_OF_ART"
    ],
    [
      "2013",
      "DATE"
    ],
    [
      "Indian",
      "NORP"
    ],
    [
      "Vijay Krishna Acharya",
      "PERSON"
    ],
    [
      "Aditya Chopra",
      "PERSON"
    ]
  ],
  "216317": [
    [
      "Horst Dassler",
      "PERSON"
    ],
    [
      "Adolf Dassler",
      "PERSON"
    ]
  ],
  "83996": [],
  "122445": [
    [
      "Savannah Robinson",
      "PERSON"
    ],
    [
      "American",
      "NORP"
    ],
    [
      "The Ellen DeGeneres Show",
      "WORK_OF_ART"
    ],
    [
      "February 18 , 2011",
      "DATE"
    ],
    [
      "Ellen DeGeneres",
      "PERSON"
    ],
    [
      "YouTube",
      "ORG"
    ]
  ],
  "164591": [
    [
      "The following year",
      "DATE"
    ],
    [
      "one",
      "CARDINAL"
    ],
    [
      "WAMPAS Baby Stars '",
      "WORK_OF_ART"
    ],
    [
      "LRB",
      "WORK_OF_ART"
    ]
  ],
  "213518": [
    [
      "fifth",
      "ORDINAL"
    ],
    [
      "Sue",
      "PERSON"
    ]
  ],
  "98459": [
    [
      "Paul McCartney",
      "PERSON"
    ],
    [
      "three",
      "CARDINAL"
    ],
    [
      "five",
      "CARDINAL"
    ]
  ],
  "5960": [
    [
      "Muhammad Ali",
      "PERSON"
    ],
    [
      "African Americans",
      "NORP"
    ],
    [
      "the Civil Rights Movement",
      "ORG"
    ]
  ],
  "124385": [
    [
      "Saif Ali Khan -LRB- -LSB- \u02c8s",
      "PERSON"
    ],
    [
      "Sajid Ali Khan",
      "PERSON"
    ],
    [
      "16 August 1970",
      "DATE"
    ],
    [
      "RRB",
      "ORG"
    ],
    [
      "Indian",
      "NORP"
    ]
  ],
  "163483": [
    [
      "Barbara Bush -LRB- n\u00e9e Pierce",
      "PERSON"
    ],
    [
      "June 8 , 1925 -RRB",
      "DATE"
    ],
    [
      "George H. W. Bush",
      "PERSON"
    ],
    [
      "41st",
      "ORDINAL"
    ],
    [
      "the United States",
      "GPE"
    ],
    [
      "the United States",
      "GPE"
    ],
    [
      "1989 to 1993",
      "DATE"
    ]
  ],
  "199386": [
    [
      "Watts",
      "PERSON"
    ],
    [
      "Marvel Studios",
      "ORG"
    ],
    [
      "Sony Pictures",
      "ORG"
    ],
    [
      "Spider-Man : Homecoming",
      "WORK_OF_ART"
    ],
    [
      "July 7 , 2017",
      "DATE"
    ]
  ],
  "225067": [
    [
      "Spider-Man 3",
      "WORK_OF_ART"
    ],
    [
      "April 16 , 2007",
      "DATE"
    ],
    [
      "Tokyo",
      "GPE"
    ],
    [
      "the United States",
      "GPE"
    ],
    [
      "IMAX",
      "LOC"
    ],
    [
      "May 4 , 2007 . 21st century",
      "DATE"
    ],
    [
      "January 1 , 2001",
      "DATE"
    ],
    [
      "December 31 , 2100",
      "DATE"
    ]
  ],
  "129724": [
    [
      "Jessica Michelle Chastain -LRB",
      "PERSON"
    ],
    [
      "March 24 , 1977",
      "DATE"
    ],
    [
      "RRB",
      "ORG"
    ],
    [
      "American",
      "NORP"
    ]
  ],
  "214396": [
    [
      "Moonlight -RRB",
      "WORK_OF_ART"
    ],
    [
      "1989",
      "DATE"
    ],
    [
      "Indian",
      "LANGUAGE"
    ],
    [
      "Hindi",
      "LANGUAGE"
    ],
    [
      "Sridevi",
      "PERSON"
    ],
    [
      "Rishi Kapoor",
      "PERSON"
    ],
    [
      "Vinod Khanna",
      "PERSON"
    ],
    [
      "Waheeda Rehman",
      "PERSON"
    ]
  ],
  "37161": [
    [
      "Spielberg",
      "PERSON"
    ],
    [
      "1975",
      "DATE"
    ],
    [
      "Third",
      "ORDINAL"
    ],
    [
      "1977",
      "DATE"
    ],
    [
      "LRB- 1981 -RRB",
      "DATE"
    ],
    [
      "1982",
      "DATE"
    ],
    [
      "Hollywood",
      "GPE"
    ]
  ],
  "75853": [
    [
      "Bolt",
      "PERSON"
    ],
    [
      "Olympic",
      "EVENT"
    ],
    [
      "100 m",
      "QUANTITY"
    ],
    [
      "200 m",
      "QUANTITY"
    ],
    [
      "three",
      "CARDINAL"
    ],
    [
      "LRB- 2008",
      "EVENT"
    ],
    [
      "2012",
      "DATE"
    ],
    [
      "2016",
      "DATE"
    ],
    [
      "RRB",
      "ORG"
    ]
  ],
  "82868": [
    [
      "Diary of the Dead",
      "WORK_OF_ART"
    ],
    [
      "2007",
      "DATE"
    ],
    [
      "George A. Romero",
      "PERSON"
    ]
  ],
  "56167": [
    [
      "Chicago",
      "GPE"
    ],
    [
      "Second City",
      "GPE"
    ],
    [
      "ImprovOlympic",
      "GPE"
    ],
    [
      "the early 1990s",
      "DATE"
    ],
    [
      "New York City",
      "GPE"
    ],
    [
      "1996",
      "DATE"
    ],
    [
      "Upright Citizens Brigade",
      "ORG"
    ],
    [
      "Matt Besser",
      "PERSON"
    ],
    [
      "Amy Poehler",
      "PERSON"
    ],
    [
      "Ian Roberts",
      "PERSON"
    ],
    [
      "Matt Walsh",
      "PERSON"
    ],
    [
      "Adam McKay",
      "PERSON"
    ],
    [
      "Rick Roman",
      "PERSON"
    ],
    [
      "Horatio Sanz",
      "PERSON"
    ],
    [
      "Drew Franklin",
      "PERSON"
    ],
    [
      "UCB",
      "ORG"
    ]
  ],
  "106677": [
    [
      "The Leftovers",
      "WORK_OF_ART"
    ],
    [
      "American",
      "NORP"
    ],
    [
      "Damon Lindelof",
      "PERSON"
    ],
    [
      "Tom Perrotta",
      "PERSON"
    ],
    [
      "HBO",
      "ORG"
    ]
  ],
  "108955": [],
  "127460": [
    [
      "Vikram -LRB",
      "ORG"
    ],
    [
      "RRB",
      "ORG"
    ],
    [
      "Sanjeevani Trust",
      "ORG"
    ],
    [
      "Vidya Sudha",
      "PERSON"
    ],
    [
      "Deiva Thirumagal",
      "PERSON"
    ],
    [
      "the Kasi Eye Care",
      "ORG"
    ],
    [
      "the Vikram Foundation",
      "ORG"
    ]
  ],
  "183311": [
    [
      "Vince Vaughn",
      "PERSON"
    ],
    [
      "the 1990s",
      "DATE"
    ],
    [
      "Rudy -LRB- 1993 -RRB",
      "WORK_OF_ART"
    ],
    [
      "The Lost World : Jurassic Park -LRB- 1997 -RRB",
      "WORK_OF_ART"
    ],
    [
      "1998",
      "DATE"
    ]
  ],
  "128846": [
    [
      "Illusionist",
      "WORK_OF_ART"
    ],
    [
      "2006",
      "DATE"
    ],
    [
      "American",
      "NORP"
    ],
    [
      "Neil Burger",
      "PERSON"
    ],
    [
      "Edward Norton",
      "PERSON"
    ],
    [
      "Paul Giamatti",
      "PERSON"
    ],
    [
      "Jessica Biel",
      "PERSON"
    ]
  ],
  "98203": [
    [
      "2013",
      "DATE"
    ],
    [
      "Kiss Land",
      "WORK_OF_ART"
    ],
    [
      "two",
      "CARDINAL"
    ],
    [
      "the Billboard 200",
      "WORK_OF_ART"
    ],
    [
      "six",
      "CARDINAL"
    ],
    [
      "Kiss Land '",
      "WORK_OF_ART"
    ],
    [
      "Belong to the World",
      "WORK_OF_ART"
    ],
    [
      "Love in the Sky",
      "WORK_OF_ART"
    ],
    [
      "Live For '",
      "WORK_OF_ART"
    ],
    [
      "Pretty '",
      "WORK_OF_ART"
    ],
    [
      "Wanderlust",
      "WORK_OF_ART"
    ]
  ],
  "173801": [
    [
      "Black Sails",
      "WORK_OF_ART"
    ],
    [
      "American",
      "NORP"
    ],
    [
      "New Providence Island",
      "LOC"
    ],
    [
      "Robert Louis Stevenson 's",
      "PERSON"
    ],
    [
      "Treasure Island",
      "WORK_OF_ART"
    ]
  ],
  "28239": [
    [
      "the Academy Award",
      "WORK_OF_ART"
    ],
    [
      "Best Original Song",
      "WORK_OF_ART"
    ],
    [
      "the Golden Globe Award",
      "WORK_OF_ART"
    ],
    [
      "Best Original Song",
      "WORK_OF_ART"
    ],
    [
      "Colors of the Wind '",
      "WORK_OF_ART"
    ],
    [
      "Disney 's Pocahontas",
      "WORK_OF_ART"
    ]
  ],
  "67446": [
    [
      "Dame Agatha Mary",
      "PERSON"
    ],
    [
      "Clarissa Christie",
      "PERSON"
    ],
    [
      "Lady Mallowan",
      "PERSON"
    ],
    [
      "DBE -LRB- n\u00e9e Miller",
      "ORG"
    ],
    [
      "15 September 1890",
      "DATE"
    ],
    [
      "12 January 1976",
      "DATE"
    ],
    [
      "English",
      "LANGUAGE"
    ]
  ],
  "91048": [
    [
      "Burstyn",
      "PERSON"
    ],
    [
      "second",
      "ORDINAL"
    ],
    [
      "Academy Award",
      "WORK_OF_ART"
    ],
    [
      "The Exorcist -LRB- 1973 -RRB",
      "WORK_OF_ART"
    ],
    [
      "the Academy Award for Best Actress",
      "WORK_OF_ART"
    ],
    [
      "the following year",
      "DATE"
    ],
    [
      "Martin Scorsese 's",
      "PERSON"
    ],
    [
      "Alice Does n't Live Here Anymore",
      "WORK_OF_ART"
    ]
  ],
  "73913": [
    [
      "Arcade Fire -LRB",
      "ORG"
    ],
    [
      "Arcade Fire",
      "ORG"
    ]
  ],
  "86253": [
    [
      "2001",
      "DATE"
    ],
    [
      "South by Southwest Festival",
      "EVENT"
    ],
    [
      "Aware Records",
      "ORG"
    ],
    [
      "Columbia Records",
      "ORG"
    ],
    [
      "first",
      "ORDINAL"
    ],
    [
      "EP",
      "WORK_OF_ART"
    ]
  ],
  "101254": [
    [
      "Kurt Angle",
      "PERSON"
    ],
    [
      "tenth",
      "ORDINAL"
    ],
    [
      "Triple Crown Champion",
      "EVENT"
    ],
    [
      "fifth",
      "ORDINAL"
    ],
    [
      "Grand Slam Champion -LRB",
      "WORK_OF_ART"
    ],
    [
      "RRB",
      "ORG"
    ],
    [
      "WWE",
      "ORG"
    ],
    [
      "World Wrestling Entertainment , Inc.",
      "ORG"
    ],
    [
      "LRB- d/b/a",
      "ORG"
    ],
    [
      "WWE -RRB",
      "ORG"
    ],
    [
      "American",
      "NORP"
    ]
  ],
  "41852": [
    [
      "Tom Hardy",
      "PERSON"
    ],
    [
      "Mad '",
      "WORK_OF_ART"
    ],
    [
      "Max Rockatansky",
      "PERSON"
    ],
    [
      "Mad Max : Fury Road -LRB- 2015",
      "WORK_OF_ART"
    ],
    [
      "Kray",
      "PERSON"
    ],
    [
      "2015",
      "DATE"
    ]
  ],
  "105197": [
    [
      "Jemaine Clement -LRB",
      "PERSON"
    ],
    [
      "10 January 1974",
      "DATE"
    ],
    [
      "RRB",
      "ORG"
    ],
    [
      "New Zealand",
      "GPE"
    ],
    [
      "one half",
      "CARDINAL"
    ],
    [
      "Flight of the Conchords",
      "WORK_OF_ART"
    ],
    [
      "Bret McKenzie",
      "PERSON"
    ]
  ],
  "107144": [
    [
      "Superman",
      "PERSON"
    ],
    [
      "American",
      "NORP"
    ],
    [
      "DC Comics",
      "ORG"
    ]
  ],
  "109748": [
    [
      "2014",
      "DATE"
    ],
    [
      "American",
      "NORP"
    ],
    [
      "Neil Burger",
      "PERSON"
    ],
    [
      "Veronica Roth",
      "PERSON"
    ]
  ],
  "200579": [
    [
      "Prestige -LRB",
      "ORG"
    ],
    [
      "RRB",
      "ORG"
    ],
    [
      "Michael Caine",
      "PERSON"
    ],
    [
      "Scarlett Johansson",
      "PERSON"
    ],
    [
      "Piper Perabo",
      "PERSON"
    ],
    [
      "Andy Serkis",
      "PERSON"
    ],
    [
      "Rebecca Hall",
      "PERSON"
    ]
  ],
  "213325": [
    [
      "Ellen Burstyn 's",
      "PERSON"
    ],
    [
      "the late 1950s",
      "DATE"
    ],
    [
      "the next decade",
      "DATE"
    ]
  ],
  "147086": [
    [
      "McCain",
      "PERSON"
    ],
    [
      "four",
      "CARDINAL"
    ],
    [
      "the United States Navy",
      "ORG"
    ],
    [
      "the U.S. Naval Academy",
      "ORG"
    ],
    [
      "1958",
      "DATE"
    ]
  ],
  "205040": [
    [
      "Jane Eyre",
      "PERSON"
    ],
    [
      "RSB- -LRB",
      "ORG"
    ],
    [
      "Jane Eyre",
      "PERSON"
    ],
    [
      "An Autobiography -RRB",
      "WORK_OF_ART"
    ],
    [
      "English",
      "LANGUAGE"
    ],
    [
      "Charlotte Bront\u00eb",
      "PERSON"
    ]
  ],
  "85389": [
    [
      "1991",
      "DATE"
    ],
    [
      "Mercedes",
      "ORG"
    ],
    [
      "Jordan Formula One",
      "ORG"
    ],
    [
      "Schumacher",
      "PERSON"
    ],
    [
      "Benetton Formula",
      "ORG"
    ],
    [
      "One",
      "CARDINAL"
    ]
  ],
  "180560": [
    [
      "Nellie Bly",
      "PERSON"
    ],
    [
      "New York City - Atlantic City",
      "GPE"
    ],
    [
      "New Jersey",
      "GPE"
    ]
  ],
  "9813": [
    [
      "Muslims",
      "NORP"
    ],
    [
      "one",
      "CARDINAL"
    ],
    [
      "two",
      "CARDINAL"
    ],
    [
      "Sunni",
      "NORP"
    ],
    [
      "90 %",
      "PERCENT"
    ],
    [
      "Shia",
      "NORP"
    ],
    [
      "20 %",
      "PERCENT"
    ]
  ],
  "130729": [
    [
      "the Seven Years ' War",
      "EVENT"
    ],
    [
      "the American Revolutionary War",
      "EVENT"
    ],
    [
      "French",
      "NORP"
    ]
  ],
  "14952": [
    [
      "Buscemi",
      "PERSON"
    ],
    [
      "Hollywood",
      "GPE"
    ],
    [
      "Parting Glances",
      "WORK_OF_ART"
    ],
    [
      "New York Stories",
      "WORK_OF_ART"
    ],
    [
      "Mystery Train",
      "WORK_OF_ART"
    ],
    [
      "Reservoir Dogs",
      "WORK_OF_ART"
    ],
    [
      "Desperado , Con Air",
      "WORK_OF_ART"
    ],
    [
      "Armageddon",
      "WORK_OF_ART"
    ],
    [
      "The Grey Zone",
      "WORK_OF_ART"
    ],
    [
      "Ghost World",
      "WORK_OF_ART"
    ],
    [
      "Big Fish",
      "WORK_OF_ART"
    ],
    [
      "The Sopranos",
      "WORK_OF_ART"
    ]
  ],
  "119277": [
    [
      "2014",
      "DATE"
    ],
    [
      "Time",
      "ORG"
    ],
    [
      "100",
      "CARDINAL"
    ],
    [
      "a second year in a row",
      "DATE"
    ]
  ],
  "142346": [
    [
      "LRB",
      "ORG"
    ],
    [
      "US",
      "GPE"
    ],
    [
      "Netflix",
      "ORG"
    ]
  ],
  "55610": [
    [
      "Gomez",
      "PERSON"
    ],
    [
      "2008",
      "DATE"
    ],
    [
      "July Moon Productions",
      "ORG"
    ],
    [
      "Netflix",
      "ORG"
    ],
    [
      "13",
      "CARDINAL"
    ],
    [
      "March 2017",
      "DATE"
    ]
  ],
  "35503": [
    [
      "Goodbye Lullaby",
      "WORK_OF_ART"
    ],
    [
      "Lavigne",
      "PERSON"
    ],
    [
      "fourth",
      "ORDINAL"
    ],
    [
      "10",
      "CARDINAL"
    ],
    [
      "the US Billboard 200",
      "WORK_OF_ART"
    ],
    [
      "the UK Albums Chart",
      "WORK_OF_ART"
    ],
    [
      "third",
      "ORDINAL"
    ],
    [
      "1",
      "CARDINAL"
    ],
    [
      "Japan",
      "GPE"
    ],
    [
      "Australia",
      "GPE"
    ]
  ],
  "152252": [],
  "104444": [
    [
      "1988",
      "DATE"
    ],
    [
      "Northwestern University",
      "ORG"
    ],
    [
      "Bachelor of Arts",
      "ORG"
    ],
    [
      "Northwestern University -LRB- NU -RRB",
      "ORG"
    ],
    [
      "Evanston",
      "GPE"
    ],
    [
      "Illinois",
      "GPE"
    ],
    [
      "Chicago",
      "GPE"
    ],
    [
      "Illinois",
      "GPE"
    ],
    [
      "Doha",
      "GPE"
    ],
    [
      "Qatar",
      "GPE"
    ],
    [
      "Washington",
      "GPE"
    ],
    [
      "D.C.",
      "GPE"
    ],
    [
      "San Francisco",
      "GPE"
    ],
    [
      "California",
      "GPE"
    ]
  ],
  "50731": [
    [
      "Breaking Away",
      "WORK_OF_ART"
    ],
    [
      "The Right Stuff",
      "WORK_OF_ART"
    ],
    [
      "Wyatt Earp",
      "WORK_OF_ART"
    ],
    [
      "The Rookie , The Day After Tomorrow , Traffic , Vantage Point",
      "WORK_OF_ART"
    ],
    [
      "Footloose",
      "WORK_OF_ART"
    ],
    [
      "The Parent Trap , Yours , Mine & Ours",
      "WORK_OF_ART"
    ],
    [
      "Soul Surfer",
      "WORK_OF_ART"
    ],
    [
      "2011",
      "DATE"
    ],
    [
      "American",
      "NORP"
    ],
    [
      "Craig Brewer",
      "PERSON"
    ]
  ],
  "121515": [
    [
      "Selena",
      "PERSON"
    ],
    [
      "Entre a Mi Mundo -LRB",
      "ORG"
    ],
    [
      "1992",
      "DATE"
    ],
    [
      "U.S. Billboard Regional Mexican Albums",
      "ORG"
    ],
    [
      "19 nonconsecutive weeks",
      "DATE"
    ],
    [
      "third",
      "ORDINAL"
    ],
    [
      "American",
      "NORP"
    ],
    [
      "Selena",
      "PERSON"
    ],
    [
      "May 6 , 1992",
      "DATE"
    ],
    [
      "EMI Latin",
      "ORG"
    ],
    [
      "Entre a Mi Mundo",
      "WORK_OF_ART"
    ],
    [
      "Tejano",
      "NORP"
    ],
    [
      "R&B",
      "WORK_OF_ART"
    ],
    [
      "Como la Flor '",
      "WORK_OF_ART"
    ],
    [
      "Selena",
      "PERSON"
    ],
    [
      "Mexico",
      "GPE"
    ]
  ],
  "204927": [
    [
      "Jane",
      "PERSON"
    ],
    [
      "1997",
      "DATE"
    ],
    [
      "American",
      "NORP"
    ],
    [
      "Ridley Scott",
      "PERSON"
    ],
    [
      "Largo Entertainment",
      "ORG"
    ],
    [
      "Scott Free Productions",
      "ORG"
    ],
    [
      "Caravan Pictures",
      "ORG"
    ],
    [
      "Hollywood Pictures",
      "ORG"
    ],
    [
      "Demi Moore",
      "PERSON"
    ],
    [
      "Viggo Mortensen",
      "PERSON"
    ],
    [
      "Anne Bancroft",
      "PERSON"
    ]
  ],
  "87841": [
    [
      "Buffon",
      "PERSON"
    ],
    [
      "Parma",
      "PERSON"
    ],
    [
      "1995",
      "DATE"
    ],
    [
      "Serie A",
      "WORK_OF_ART"
    ],
    [
      "Italy",
      "GPE"
    ],
    [
      "the Coppa Italia",
      "EVENT"
    ],
    [
      "the UEFA Cup",
      "EVENT"
    ],
    [
      "the Supercoppa Italiana",
      "EVENT"
    ],
    [
      "1999",
      "DATE"
    ]
  ],
  "225757": [
    [
      "Liza Minnelli",
      "PERSON"
    ],
    [
      "Special Tony Award",
      "WORK_OF_ART"
    ],
    [
      "1974",
      "DATE"
    ],
    [
      "three-week",
      "DATE"
    ],
    [
      "the Winter Garden Theatre",
      "ORG"
    ],
    [
      "second",
      "ORDINAL"
    ],
    [
      "Tony Award",
      "WORK_OF_ART"
    ],
    [
      "Best Actress in a Musical",
      "WORK_OF_ART"
    ],
    [
      "1977",
      "DATE"
    ],
    [
      "The Act",
      "WORK_OF_ART"
    ],
    [
      "Tony",
      "PERSON"
    ],
    [
      "1984",
      "DATE"
    ],
    [
      "The Rink",
      "WORK_OF_ART"
    ],
    [
      "2009",
      "DATE"
    ],
    [
      "Tony Award",
      "WORK_OF_ART"
    ],
    [
      "Best Special Theatrical Event",
      "WORK_OF_ART"
    ],
    [
      "Liza",
      "PERSON"
    ],
    [
      "The Palace",
      "FAC"
    ]
  ],
  "75557": [
    [
      "Joel McHale",
      "PERSON"
    ],
    [
      "Gillian Jacobs",
      "PERSON"
    ],
    [
      "Danny Pudi",
      "PERSON"
    ],
    [
      "Yvette Nicole Brown",
      "PERSON"
    ],
    [
      "Alison Brie",
      "PERSON"
    ],
    [
      "Donald Glover",
      "PERSON"
    ],
    [
      "Ken Jeong",
      "PERSON"
    ],
    [
      "Chevy Chase",
      "PERSON"
    ],
    [
      "Jim Rash",
      "PERSON"
    ],
    [
      "Greendale",
      "GPE"
    ],
    [
      "Colorado",
      "GPE"
    ]
  ],
  "170076": [
    [
      "David Robert Joseph Beckham",
      "PERSON"
    ],
    [
      "RSB",
      "ORG"
    ],
    [
      "2 May 1975",
      "DATE"
    ],
    [
      "English",
      "LANGUAGE"
    ]
  ],
  "10969": [
    [
      "1969",
      "DATE"
    ],
    [
      "between 1978 and 1995",
      "DATE"
    ],
    [
      "three",
      "CARDINAL"
    ],
    [
      "23",
      "CARDINAL"
    ]
  ],
  "45680": [
    [
      "21",
      "CARDINAL"
    ],
    [
      "RRB",
      "ORG"
    ],
    [
      "March 16 , 2012",
      "DATE"
    ],
    [
      "Columbia Pictures",
      "ORG"
    ],
    [
      "Metro-Goldwyn-Mayer",
      "ORG"
    ],
    [
      "$ 201 million",
      "MONEY"
    ]
  ],
  "79735": [
    [
      "Lake Tanganyika",
      "GPE"
    ],
    [
      "Lake Tanganyika",
      "LOC"
    ],
    [
      "African Great Lake",
      "LOC"
    ]
  ],
  "226568": [
    [
      "2001",
      "DATE"
    ],
    [
      "Crowe",
      "PERSON"
    ],
    [
      "Nobel Prize",
      "WORK_OF_ART"
    ],
    [
      "John F. Nash",
      "PERSON"
    ],
    [
      "A Beautiful Mind",
      "WORK_OF_ART"
    ],
    [
      "BAFTA Award for Best Actor in a Leading Role",
      "WORK_OF_ART"
    ],
    [
      "a Golden Globe Award",
      "WORK_OF_ART"
    ],
    [
      "Best Actor in a Motion Picture Drama",
      "WORK_OF_ART"
    ],
    [
      "a Screen Actors Guild Award for Outstanding Performance by a Male Actor in a Leading Role",
      "WORK_OF_ART"
    ]
  ],
  "50497": [
    [
      "LRB-TV",
      "ORG"
    ],
    [
      "RRB",
      "ORG"
    ],
    [
      "July 24 , 2007",
      "DATE"
    ],
    [
      "FX",
      "ORG"
    ],
    [
      "three seasons",
      "DATE"
    ],
    [
      "DirecTV",
      "ORG"
    ],
    [
      "Audience Network",
      "ORG"
    ],
    [
      "2010",
      "DATE"
    ],
    [
      "two",
      "CARDINAL"
    ],
    [
      "2012",
      "DATE"
    ]
  ],
  "117156": [
    [
      "Odyssey",
      "WORK_OF_ART"
    ],
    [
      "one",
      "CARDINAL"
    ],
    [
      "two",
      "CARDINAL"
    ],
    [
      "Greek",
      "NORP"
    ],
    [
      "Homer",
      "PERSON"
    ]
  ],
  "140688": [
    [
      "Dustin Hoffman",
      "PERSON"
    ],
    [
      "the Academy Award for Best Actor",
      "WORK_OF_ART"
    ],
    [
      "1980",
      "DATE"
    ],
    [
      "Kramer",
      "PERSON"
    ],
    [
      "Kramer",
      "PERSON"
    ],
    [
      "1989",
      "DATE"
    ],
    [
      "Rain Man",
      "WORK_OF_ART"
    ]
  ],
  "93642": [
    [
      "Marta Fran Kauffman -LRB",
      "PERSON"
    ],
    [
      "September 21 , 1956",
      "DATE"
    ],
    [
      "RRB",
      "ORG"
    ],
    [
      "American",
      "NORP"
    ],
    [
      "Friends",
      "WORK_OF_ART"
    ],
    [
      "David Crane",
      "PERSON"
    ]
  ],
  "79185": [
    [
      "1994",
      "DATE"
    ],
    [
      "Sports Illustrated",
      "ORG"
    ],
    [
      "Perry Ellis",
      "PERSON"
    ],
    [
      "Victoria 's Secret",
      "ORG"
    ]
  ],
  "122487": [
    [
      "Christopher Marlowe",
      "PERSON"
    ],
    [
      "Kit Marlowe -LRB",
      "ORG"
    ],
    [
      "26 February 156430 May 1593",
      "DATE"
    ],
    [
      "English",
      "LANGUAGE"
    ],
    [
      "Elizabethan",
      "NORP"
    ]
  ],
  "20044": [
    [
      "Live Your Life '",
      "WORK_OF_ART"
    ],
    [
      "American",
      "NORP"
    ],
    [
      "T.I.",
      "PERSON"
    ],
    [
      "sixth",
      "ORDINAL"
    ],
    [
      "Paper Trail -LRB- 2008",
      "WORK_OF_ART"
    ],
    [
      "Barbadian",
      "NORP"
    ],
    [
      "Rihanna",
      "PERSON"
    ]
  ],
  "19073": [
    [
      "Eagles",
      "ORG"
    ],
    [
      "one",
      "CARDINAL"
    ],
    [
      "more than 150 million",
      "CARDINAL"
    ],
    [
      "100 million",
      "CARDINAL"
    ],
    [
      "U.S.",
      "GPE"
    ],
    [
      "42 million",
      "CARDINAL"
    ],
    [
      "Their Greatest Hits -LRB- 1971",
      "WORK_OF_ART"
    ],
    [
      "1975",
      "DATE"
    ],
    [
      "32 million",
      "CARDINAL"
    ],
    [
      "Hotel California",
      "ORG"
    ]
  ],
  "208125": [
    [
      "Medina",
      "PERSON"
    ],
    [
      "Muhammad",
      "PERSON"
    ],
    [
      "Hijrah",
      "PERSON"
    ],
    [
      "Mecca",
      "GPE"
    ],
    [
      "Muslim Empire",
      "GPE"
    ],
    [
      "first",
      "ORDINAL"
    ],
    [
      "Muhammad",
      "PERSON"
    ],
    [
      "Ali",
      "PERSON"
    ]
  ],
  "14773": [
    [
      "Albert Arnold Gore Jr. -LRB",
      "PERSON"
    ],
    [
      "March 31 , 1948",
      "DATE"
    ],
    [
      "RRB",
      "ORG"
    ],
    [
      "American",
      "NORP"
    ],
    [
      "45th",
      "ORDINAL"
    ],
    [
      "the United States",
      "GPE"
    ],
    [
      "1993 to 2001",
      "DATE"
    ],
    [
      "Bill Clinton",
      "PERSON"
    ]
  ],
  "122117": [
    [
      "Jason Sudeikis",
      "PERSON"
    ],
    [
      "Hall Pass",
      "ORG"
    ],
    [
      "2011",
      "DATE"
    ],
    [
      "2011",
      "DATE"
    ],
    [
      "2011",
      "DATE"
    ],
    [
      "2013",
      "DATE"
    ],
    [
      "2014",
      "DATE"
    ],
    [
      "2015",
      "DATE"
    ],
    [
      "2016",
      "DATE"
    ],
    [
      "2017",
      "DATE"
    ]
  ],
  "197841": [
    [
      "Parineeti Chopra -LRB",
      "PERSON"
    ],
    [
      "1988",
      "DATE"
    ],
    [
      "Indian",
      "NORP"
    ],
    [
      "Bollywood",
      "NORP"
    ],
    [
      "Priyanka Chopra",
      "PERSON"
    ]
  ],
  "199223": [
    [
      "Jos\u00e9 Aldo da Silva Oliveira",
      "PERSON"
    ],
    [
      "RSB",
      "ORG"
    ],
    [
      "September 9 , 1986",
      "DATE"
    ],
    [
      "RRB",
      "ORG"
    ],
    [
      "Brazilian",
      "NORP"
    ],
    [
      "the Ultimate Fighting Championship",
      "EVENT"
    ],
    [
      "the UFC Featherweight Champion",
      "EVENT"
    ],
    [
      "second",
      "ORDINAL"
    ]
  ],
  "91483": [
    [
      "Federico Fellini 's",
      "PERSON"
    ],
    [
      "1965",
      "DATE"
    ],
    [
      "Juliet of the Spirits",
      "WORK_OF_ART"
    ],
    [
      "Alice",
      "PERSON"
    ],
    [
      "1990",
      "DATE"
    ],
    [
      "American",
      "NORP"
    ],
    [
      "Woody Allen",
      "PERSON"
    ],
    [
      "Mia Farrow",
      "PERSON"
    ],
    [
      "Joe Mantegna",
      "PERSON"
    ],
    [
      "William Hurt",
      "PERSON"
    ]
  ],
  "164864": [
    [
      "L.A.",
      "GPE"
    ],
    [
      "Guns",
      "PERSON"
    ],
    [
      "Stacey Blades",
      "PERSON"
    ],
    [
      "Brides of Destruction",
      "WORK_OF_ART"
    ],
    [
      "2006",
      "DATE"
    ],
    [
      "Guns",
      "PERSON"
    ],
    [
      "The Tracii Guns Band",
      "ORG"
    ]
  ],
  "116598": [
    [
      "Brock Lesnar",
      "PERSON"
    ],
    [
      "Ultimate Fighting Championship",
      "ORG"
    ],
    [
      "UFC",
      "ORG"
    ],
    [
      "the following October",
      "DATE"
    ],
    [
      "UFC",
      "ORG"
    ],
    [
      "RRB",
      "ORG"
    ],
    [
      "American",
      "NORP"
    ],
    [
      "Las Vegas",
      "GPE"
    ],
    [
      "Nevada",
      "GPE"
    ],
    [
      "William Morris Endeavor",
      "ORG"
    ],
    [
      "Ultimate Fighting Championship",
      "EVENT"
    ],
    [
      "MMA",
      "ORG"
    ]
  ],
  "97721": [
    [
      "Joe Simon",
      "PERSON"
    ],
    [
      "Jack Kirby",
      "PERSON"
    ],
    [
      "first",
      "ORDINAL"
    ],
    [
      "Captain America Comics # 1 -LRB",
      "WORK_OF_ART"
    ],
    [
      "March 1941",
      "DATE"
    ],
    [
      "Timely Comics",
      "ORG"
    ],
    [
      "Marvel Comics",
      "ORG"
    ]
  ],
  "115130": [
    [
      "Portuguese",
      "NORP"
    ],
    [
      "Imp\u00e9rio Portugu\u00eas -RRB-",
      "ORG"
    ],
    [
      "Portuguese",
      "NORP"
    ],
    [
      "Ultramar Portugu\u00eas -RRB",
      "ORG"
    ],
    [
      "one",
      "CARDINAL"
    ],
    [
      "first",
      "ORDINAL"
    ]
  ],
  "190144": [
    [
      "Marlon Brando",
      "PERSON"
    ],
    [
      "Stanislavski",
      "PERSON"
    ],
    [
      "Stella Adler",
      "PERSON"
    ],
    [
      "the 1940s",
      "DATE"
    ]
  ],
  "46848": [
    [
      "New Line Cinema",
      "ORG"
    ],
    [
      "Cunningham",
      "PERSON"
    ],
    [
      "two",
      "CARDINAL"
    ],
    [
      "Freddy Krueger",
      "PERSON"
    ],
    [
      "Nightmare",
      "WORK_OF_ART"
    ],
    [
      "Elm Street",
      "FAC"
    ]
  ],
  "36930": [
    [
      "Memorial Continental Hall",
      "FAC"
    ],
    [
      "Washington DC",
      "GPE"
    ],
    [
      "three",
      "CARDINAL"
    ],
    [
      "Four-Power Treaty",
      "LAW"
    ],
    [
      "Five-Power Treaty -LRB",
      "LAW"
    ],
    [
      "the Washington Naval Treaty -RRB",
      "LAW"
    ],
    [
      "the Nine-Power Treaty",
      "LAW"
    ]
  ],
  "26051": [
    [
      "Lost Highway",
      "FAC"
    ],
    [
      "1997",
      "DATE"
    ],
    [
      "French",
      "LANGUAGE"
    ],
    [
      "-American",
      "NORP"
    ],
    [
      "David Lynch",
      "PERSON"
    ]
  ],
  "120410": [
    [
      "Jared Padalecki",
      "PERSON"
    ],
    [
      "Texas",
      "GPE"
    ],
    [
      "the early 2000s",
      "DATE"
    ],
    [
      "Gilmore Girls",
      "WORK_OF_ART"
    ],
    [
      "New York Minute",
      "WORK_OF_ART"
    ],
    [
      "House of Wax",
      "WORK_OF_ART"
    ],
    [
      "House of Wax -LRB",
      "ORG"
    ],
    [
      "Wax House",
      "ORG"
    ],
    [
      "Baby -RRB",
      "WORK_OF_ART"
    ],
    [
      "2005",
      "DATE"
    ],
    [
      "American",
      "NORP"
    ],
    [
      "Australian",
      "NORP"
    ],
    [
      "Jaume Collet-Serra",
      "PERSON"
    ],
    [
      "Elisha Cuthbert",
      "PERSON"
    ],
    [
      "Chad Michael Murray",
      "PERSON"
    ],
    [
      "Brian Van Holt",
      "PERSON"
    ],
    [
      "Paris Hilton",
      "PERSON"
    ],
    [
      "Jared Padalecki",
      "PERSON"
    ],
    [
      "Jon Abrahams",
      "PERSON"
    ],
    [
      "Robert Ri ` chard",
      "PERSON"
    ]
  ],
  "18146": [
    [
      "Paul Leonard Newman",
      "PERSON"
    ],
    [
      "LRB- January 26 , 1925",
      "DATE"
    ],
    [
      "September 26 , 2008",
      "DATE"
    ],
    [
      "RRB",
      "ORG"
    ],
    [
      "American",
      "NORP"
    ],
    [
      "IndyCar",
      "ORG"
    ]
  ],
  "185503": [
    [
      "Paul Michael Levesque -LRB",
      "PERSON"
    ],
    [
      "July 27 , 1969",
      "DATE"
    ],
    [
      "Triple H -LRB",
      "ORG"
    ],
    [
      "WWE",
      "ORG"
    ],
    [
      "Hunter Hearst Helmsley -RRB",
      "ORG"
    ],
    [
      "American",
      "NORP"
    ]
  ],
  "10831": [
    [
      "third",
      "ORDINAL"
    ],
    [
      "The Divergent Series",
      "WORK_OF_ART"
    ],
    [
      "2016",
      "DATE"
    ],
    [
      "$ 179 million",
      "MONEY"
    ]
  ],
  "176984": [
    [
      "Bus Stop -LRB- 1956 -RRB",
      "WORK_OF_ART"
    ],
    [
      "first",
      "ORDINAL"
    ],
    [
      "MMP",
      "ORG"
    ],
    [
      "1957",
      "DATE"
    ],
    [
      "a Golden Globe",
      "WORK_OF_ART"
    ],
    [
      "1959",
      "DATE"
    ]
  ],
  "186897": [
    [
      "Batman",
      "PERSON"
    ],
    [
      "Superman",
      "PERSON"
    ],
    [
      "Dawn of Justice",
      "WORK_OF_ART"
    ],
    [
      "first",
      "ORDINAL"
    ],
    [
      "Batman",
      "PERSON"
    ],
    [
      "Superman",
      "PERSON"
    ],
    [
      "first",
      "ORDINAL"
    ],
    [
      "Wonder Woman , Aquaman",
      "WORK_OF_ART"
    ],
    [
      "The Flash and Cyborg",
      "WORK_OF_ART"
    ]
  ],
  "218568": [
    [
      "The USC School of Cinematic Arts -LRB",
      "ORG"
    ],
    [
      "the USC School of Cinema-Television",
      "ORG"
    ],
    [
      "CNTV -RRB",
      "ORG"
    ],
    [
      "the University of Southern California",
      "ORG"
    ],
    [
      "Los Angeles",
      "GPE"
    ],
    [
      "U.S.",
      "GPE"
    ],
    [
      "California",
      "GPE"
    ]
  ],
  "92476": [
    [
      "Roughly 85 %",
      "PERCENT"
    ],
    [
      "Hutu",
      "NORP"
    ],
    [
      "15 %",
      "PERCENT"
    ],
    [
      "Tutsi",
      "NORP"
    ],
    [
      "fewer than 1 %",
      "PERCENT"
    ],
    [
      "Twa -LRB",
      "ORG"
    ],
    [
      "Pygmies",
      "NORP"
    ],
    [
      "315",
      "CARDINAL"
    ],
    [
      "second",
      "ORDINAL"
    ],
    [
      "Sub-Saharan Africa",
      "LOC"
    ]
  ],
  "72452": [
    [
      "Jane Bryan 's",
      "PERSON"
    ],
    [
      "only four years",
      "DATE"
    ],
    [
      "Marked Woman -LRB- 1937 -RRB",
      "WORK_OF_ART"
    ],
    [
      "Bette Davis",
      "PERSON"
    ],
    [
      "Humphrey Bogart",
      "PERSON"
    ],
    [
      "1937",
      "DATE"
    ],
    [
      "Edward G. Robinson",
      "PERSON"
    ],
    [
      "Bette Davis",
      "PERSON"
    ],
    [
      "Humphrey Bogart",
      "PERSON"
    ],
    [
      "1938",
      "DATE"
    ],
    [
      "Edward G. Robinson",
      "PERSON"
    ],
    [
      "Each Dawn I Die -LRB- 1939 -RRB",
      "WORK_OF_ART"
    ],
    [
      "James Cagney",
      "PERSON"
    ],
    [
      "George Raft",
      "PERSON"
    ],
    [
      "Invisible Stripes -LRB- 1939 -RRB",
      "WORK_OF_ART"
    ],
    [
      "George Raft",
      "PERSON"
    ],
    [
      "William Holden",
      "PERSON"
    ],
    [
      "Humphrey Bogart",
      "PERSON"
    ],
    [
      "1939",
      "DATE"
    ],
    [
      "Bette Davis",
      "PERSON"
    ],
    [
      "Miriam Hopkins",
      "PERSON"
    ]
  ]
}