{
  "79197": {
    "one Emmy Award:::WORK_OF_ART": [
      "How many Emmys was the season nominated for?",
      "one Emmy Award"
    ],
    "Outstanding Original Music and Lyrics:::WORK_OF_ART": [
      "What Emmy award did the season receive?",
      "Outstanding Original Music and Lyrics"
    ],
    "Emmy Award:::WORK_OF_ART": [
      "What award did American Idol receive for Outstanding Original Music and Lyrics?",
      "Emmy Award"
    ],
    "Emmy:::WORK_OF_ART": [
      "What award did American Idol receive for Outstanding Original Music and Lyrics?",
      "Emmy"
    ],
    "American:::NORP": [
      "What is the nationality of the Emmy Award?",
      "American"
    ],
    "LRB:::ORG": [
      "What is another name for Emmy Awards?",
      "LRB"
    ],
    "Tony Award -LRB:::WORK_OF_ART": [
      "What is the name of the Tony Award for theatre?",
      "Tony Award -LRB"
    ],
    "RRB:::ORG": [
      "What is another name for an Emmy Award?",
      "RRB"
    ],
    "Grammy Award -LRB:::WORK_OF_ART": [
      "What award is given for music?",
      "Grammy Award -LRB"
    ]
  },
  "116274": {
    "one:::CARDINAL": [
      "How many of the most influential rock bands of the 20th century are The Who?",
      "one"
    ],
    "the 20th century:::DATE": [
      "During what century are The Who considered to be one of the most influential rock bands?",
      "the 20th century"
    ],
    "over 100 million:::CARDINAL": [
      "How many records did The Who sell worldwide?",
      "over 100 million"
    ]
  },
  "54560": {
    "120:::CARDINAL": [
      "How many colleges and universities are located in New York City?",
      "120"
    ],
    "New York City:::GPE": [
      "Where are the Columbia University, New York University, and Rockefeller University located?",
      "New York City"
    ],
    "Columbia University:::ORG": [
      "What is the name of one of the top universities in the world?",
      "Columbia University"
    ],
    "New York University:::ORG": [
      "What is the name of the college and university located in New York City?",
      "New York University"
    ],
    "Rockefeller University:::ORG": [
      "Along with Columbia University, New York University, and Columbia University, what college is located in New York City?",
      "Rockefeller University"
    ],
    "35:::CARDINAL": [
      "How many top colleges and universities in the world are located in New York City?",
      "35"
    ]
  },
  "69390": {
    "Silicon Valley:::LOC": [
      "What is the nickname for the southern portion of the San Francisco Bay Area?",
      "Silicon Valley"
    ],
    "the San Francisco Bay Area:::LOC": [
      "What is Silicon Valley a nickname for?",
      "the San Francisco Bay Area"
    ],
    "U.S.:::GPE": [
      "What state is Silicon Valley located in?",
      "U.S."
    ],
    "California:::GPE": [
      "What state is Silicon Valley located in?",
      "California"
    ]
  },
  "98565": {
    "John Frankenheimer:::PERSON": [
      "Who directed the film?",
      "John Frankenheimer"
    ],
    "Burt Lancaster:::PERSON": [
      "Who starred in the film?",
      "Burt Lancaster"
    ],
    "Kirk Douglas:::PERSON": [
      "Along with Burt Lancaster and Fredric March, who was an actor in the film?",
      "Kirk Douglas"
    ],
    "Fredric March:::PERSON": [
      "Along with Burt Lancaster and Kirk Douglas, who was a notable actor in the film?",
      "Fredric March"
    ],
    "Ava Gardner:::PERSON": [
      "Along with Burt Lancaster, Fredric March, and Fredric March, who was a star in the film?",
      "Ava Gardner"
    ],
    "Burton Stephen `` Burt ':::PERSON": [
      "What was Burt Lancaster's nickname?",
      "Burton Stephen `` Burt '"
    ],
    "Lancaster:::GPE": [
      "Who is Burt Lancaster?",
      "Lancaster"
    ],
    "November 2 , 1913:::DATE": [
      "When was Burt Lancaster born?",
      "November 2 , 1913"
    ],
    "October 20 , 1994:::DATE": [
      "When did Burt Lancaster die?",
      "October 20 , 1994"
    ],
    "RRB:::ORG": [
      "What was Burt Lancaster's nickname?",
      "RRB"
    ],
    "American:::NORP": [
      "What nationality was Burt Lancaster?",
      "American"
    ],
    "Kirk Douglas -LRB:::PERSON": [
      "Who was Burt Lancaster's father?",
      "Kirk Douglas -LRB"
    ],
    "Issur Danielovitch:::PERSON": [
      "Who was Kirk Douglas born to?",
      "Issur Danielovitch"
    ],
    "December 9 , 1916:::DATE": [
      "When was Kirk Douglas born?",
      "December 9 , 1916"
    ]
  },
  "90847": {
    "Tom Felton:::PERSON": [
      "Who played Draco Malfoy in the Harry Potter films?",
      "Tom Felton"
    ],
    "Draco Malfoy:::PERSON": [
      "What character did Tom Felton play in the Harry Potter films?",
      "Draco Malfoy"
    ],
    "Harry Potter:::PERSON": [
      "What film did Tom Felton play Draco Malfoy in?",
      "Harry Potter"
    ]
  },
  "156381": {
    "Twain:::PERSON": [
      "Who released her second album in 1995?",
      "Twain"
    ],
    "second:::ORDINAL": [
      "What was Twain's second album?",
      "second"
    ],
    "1995:::DATE": [
      "When was Twain's second album released?",
      "1995"
    ],
    "The Woman in Me:::WORK_OF_ART": [
      "What was Twain's second album called?",
      "The Woman in Me"
    ],
    "20 million:::CARDINAL": [
      "How many copies did Twain's second album sell worldwide?",
      "20 million"
    ],
    "Any Man of Mine ':::WORK_OF_ART": [
      "What was the name of Twain's hit single?",
      "Any Man of Mine '"
    ],
    "a Grammy Award:::WORK_OF_ART": [
      "What award did Twain win for her second album?",
      "a Grammy Award"
    ]
  },
  "28847": {
    "English:::LANGUAGE": [
      "In what language is Dhoom 3 -LRB- -LSB- pronounced?",
      "English"
    ],
    "3:::CARDINAL": [
      "What is the abbreviation for Boom 3?",
      "3"
    ],
    "Boom 3:::WORK_OF_ART": [
      "What is another name for Dhoom 3?",
      "Boom 3"
    ],
    "2013:::DATE": [
      "When was Dhoom 3 released?",
      "2013"
    ],
    "Indian:::NORP": [
      "What nationality is Dhoom 3?",
      "Indian"
    ],
    "Vijay Krishna Acharya:::PERSON": [
      "Who wrote and directed Dhoom 3?",
      "Vijay Krishna Acharya"
    ],
    "Aditya Chopra:::PERSON": [
      "Who produced Dhoom 3?",
      "Aditya Chopra"
    ]
  },
  "216317": {
    "Horst Dassler:::PERSON": [
      "Who was the son of Adolf Dassler?",
      "Horst Dassler"
    ],
    "Adolf Dassler:::PERSON": [
      "Who was the father of Horst Dassler?",
      "Adolf Dassler"
    ]
  },
  "122445": {
    "Savannah Robinson:::PERSON": [
      "Who appeared on The Ellen DeGeneres Show?",
      "Savannah Robinson"
    ],
    "American:::NORP": [
      "What television station did Savannah Robinson appear on?",
      "American"
    ],
    "The Ellen DeGeneres Show:::WORK_OF_ART": [
      "What show did Savannah Robinson appear on?",
      "The Ellen DeGeneres Show"
    ],
    "February 18 , 2011:::DATE": [
      "When did Savannah Robinson appear on The Ellen DeGeneres Show?",
      "February 18 , 2011"
    ],
    "Ellen DeGeneres:::PERSON": [
      "What show did Savannah Robinson appear on?",
      "Ellen DeGeneres"
    ],
    "YouTube:::ORG": [
      "On what platform did Ellen DeGeneres want to meet Savannah Robinson?",
      "YouTube"
    ]
  },
  "164591": {
    "The following year:::DATE": [
      "When did she make just one film?",
      "The following year"
    ],
    "one:::CARDINAL": [
      "How many films did she make the following year?",
      "one"
    ],
    "WAMPAS Baby Stars ':::WORK_OF_ART": [
      "What was the name of the film she made the following year?",
      "WAMPAS Baby Stars '"
    ],
    "LRB:::WORK_OF_ART": [
      "What was the common slang for starlet?",
      "LRB"
    ]
  },
  "213518": {
    "fifth:::ORDINAL": [
      "In what season of American Idol is Sue a principal?",
      "fifth"
    ],
    "Sue:::PERSON": [
      "Who is the new principal of the school in the fifth season of American Idol?",
      "Sue"
    ]
  },
  "98459": {
    "Paul McCartney:::PERSON": [
      "Who is the father of five children?",
      "Paul McCartney"
    ],
    "three:::CARDINAL": [
      "How many times has Paul McCartney married?",
      "three"
    ],
    "five:::CARDINAL": [
      "How many children does Paul McCartney have?",
      "five"
    ]
  },
  "5960": {
    "Muhammad Ali:::PERSON": [
      "Who set an example of racial pride for African Americans?",
      "Muhammad Ali"
    ],
    "African Americans:::NORP": [
      "Muhammad Ali set an example of racial pride for whom?",
      "African Americans"
    ],
    "the Civil Rights Movement:::ORG": [
      "When did Muhammad Ali set an example of racial pride for African Americans and resistance to white domination?",
      "the Civil Rights Movement"
    ]
  },
  "124385": {
    "Saif Ali Khan -LRB- -LSB- \u02c8s:::PERSON": [
      "What is Saif Ali Khan's real name?",
      "Saif Ali Khan -LRB- -LSB- \u02c8s"
    ],
    "Sajid Ali Khan:::PERSON": [
      "Who was Saif Ali Khan born to?",
      "Sajid Ali Khan"
    ],
    "16 August 1970:::DATE": [
      "When was Saif Ali Khan born?",
      "16 August 1970"
    ],
    "RRB:::ORG": [
      "What is Saif Ali Khan's real name?",
      "RRB"
    ],
    "Indian:::NORP": [
      "What nationality is Saif Ali Khan?",
      "Indian"
    ]
  },
  "163483": {
    "Barbara Bush -LRB- n\u00e9e Pierce:::PERSON": [
      "Who is the wife of George H. W. Bush?",
      "Barbara Bush -LRB- n\u00e9e Pierce"
    ],
    "June 8 , 1925 -RRB:::DATE": [
      "When was Barbara Bush born?",
      "June 8 , 1925 -RRB"
    ],
    "George H. W. Bush:::PERSON": [
      "Who is Barbara Bush's husband?",
      "George H. W. Bush"
    ],
    "41st:::ORDINAL": [
      "What was George H.W. Bush's rank as President?",
      "41st"
    ],
    "the United States:::GPE": [
      "What country was George H.W. Bush the 41st President of?",
      "the United States"
    ],
    "1989 to 1993:::DATE": [
      "When did Barbara Bush serve as First Lady of the United States?",
      "1989 to 1993"
    ]
  },
  "199386": {
    "Watts:::PERSON": [
      "Who directed and co-wrote Spider-Man : Homecoming?",
      "Watts"
    ],
    "Marvel Studios:::ORG": [
      "Who produced Spider-Man : Homecoming?",
      "Marvel Studios"
    ],
    "Sony Pictures:::ORG": [
      "Who produced Spider-Man : Homecoming?",
      "Sony Pictures"
    ],
    "Spider-Man : Homecoming:::WORK_OF_ART": [
      "What movie did Watts co-write with Marvel?",
      "Spider-Man : Homecoming"
    ],
    "July 7 , 2017:::DATE": [
      "When is Spider-Man : Homecoming scheduled to be released?",
      "July 7 , 2017"
    ]
  },
  "225067": {
    "Spider-Man 3:::WORK_OF_ART": [
      "What movie was released in both conventional and IMAX theaters?",
      "Spider-Man 3"
    ],
    "April 16 , 2007:::DATE": [
      "When did Spider-Man 3 premiere?",
      "April 16 , 2007"
    ],
    "Tokyo:::GPE": [
      "Where did Spider-Man 3 premiere?",
      "Tokyo"
    ],
    "the United States:::GPE": [
      "Where was Spider-Man 3 released?",
      "the United States"
    ],
    "IMAX:::LOC": [
      "Spider-Man 3 was released in conventional theaters and what other type of theater?",
      "IMAX"
    ],
    "May 4 , 2007 . 21st century:::DATE": [
      "What was the name of Spider-Man 3?",
      "May 4 , 2007 . 21st century"
    ],
    "January 1 , 2001:::DATE": [
      "When did the 21st century begin?",
      "January 1 , 2001"
    ],
    "December 31 , 2100:::DATE": [
      "When does the 21st century end?",
      "December 31 , 2100"
    ]
  },
  "129724": {
    "Jessica Michelle Chastain -LRB:::PERSON": [
      "Who is an actress and film producer?",
      "Jessica Michelle Chastain -LRB"
    ],
    "March 24 , 1977:::DATE": [
      "When was Jessica Michelle Chastain born?",
      "March 24 , 1977"
    ],
    "RRB:::ORG": [
      "What is Jessica Michelle Chastain's real name?",
      "RRB"
    ],
    "American:::NORP": [
      "What nationality is Jessica Michelle Chastain?",
      "American"
    ]
  },
  "214396": {
    "Moonlight -RRB:::WORK_OF_ART": [
      "What is the English translation of Chandni?",
      "Moonlight -RRB"
    ],
    "1989:::DATE": [
      "When was Moonlight released?",
      "1989"
    ],
    "Indian:::LANGUAGE": [
      "What language is Moonlight?",
      "Indian"
    ],
    "Hindi:::LANGUAGE": [
      "What language was Moonlight filmed in?",
      "Hindi"
    ],
    "Sridevi:::PERSON": [
      "Who starred in the movie Moonlight?",
      "Sridevi"
    ],
    "Rishi Kapoor:::PERSON": [
      "Along with Vinod Khanna and Waheeda Rehman, who played the lead role in the film?",
      "Rishi Kapoor"
    ],
    "Vinod Khanna:::PERSON": [
      "Along with Rishi Kapoor and Waheeda Rehman, who played the lead role in Moonlight?",
      "Vinod Khanna"
    ],
    "Waheeda Rehman:::PERSON": [
      "Along with Rishi Kapoor and Vinod Khanna, who played the lead role in the film?",
      "Waheeda Rehman"
    ]
  },
  "37161": {
    "Spielberg:::PERSON": [
      "Who directed the early science-fiction and adventure films that were seen as archetypes of modern Hollywood escapist filmmaking?",
      "Spielberg"
    ],
    "1975:::DATE": [
      "When was Jaws released?",
      "1975"
    ],
    "Third:::ORDINAL": [
      "What kind of film was Close Encounters of?",
      "Third"
    ],
    "1977:::DATE": [
      "When was Close Encounters of the Third Kind released?",
      "1977"
    ],
    "LRB- 1981 -RRB:::DATE": [
      "What year was Raiders of the Lost Ark released?",
      "LRB- 1981 -RRB"
    ],
    "1982:::DATE": [
      "When was E.T. the Extra-Terrestrial released?",
      "1982"
    ],
    "Hollywood:::GPE": [
      "Which genre of escapist filmmaking did Spielberg's early films belong to?",
      "Hollywood"
    ]
  },
  "75853": {
    "Bolt:::PERSON": [
      "Who is the only sprinter to win Olympic 100m and 200m titles at three consecutive olympics?",
      "Bolt"
    ],
    "Olympic:::EVENT": [
      "Bolt is the only sprinter to win three consecutive olympic titles?",
      "Olympic"
    ],
    "100 m:::QUANTITY": [
      "Bolt is the only sprinter to win Olympic titles at three consecutive olympics.",
      "100 m"
    ],
    "200 m:::QUANTITY": [
      "Bolt is the only sprinter to win Olympic titles at three consecutive olympics -LRB, 2008, 2012, and 2016",
      "200 m"
    ],
    "three:::CARDINAL": [
      "How many consecutive olympics has Bolt won?",
      "three"
    ],
    "LRB- 2008:::EVENT": [
      "When did Bolt win three consecutive olympic titles?",
      "LRB- 2008"
    ],
    "2012:::DATE": [
      "In what year did Bolt win an Olympic 100m and 200m title?",
      "2012"
    ],
    "2016:::DATE": [
      "In what year did Bolt win an Olympic 100m and 200m title?",
      "2016"
    ],
    "RRB:::ORG": [
      "What is Bolt's nickname?",
      "RRB"
    ]
  },
  "82868": {
    "Diary of the Dead:::WORK_OF_ART": [
      "What is the name of the 2007 horror film by George A. Romero?",
      "Diary of the Dead"
    ],
    "2007:::DATE": [
      "When was Diary of the Dead released?",
      "2007"
    ],
    "George A. Romero:::PERSON": [
      "Who directed the film Diary of the Dead?",
      "George A. Romero"
    ]
  },
  "56167": {
    "Chicago:::GPE": [
      "Where did Amy Poehler study improv?",
      "Chicago"
    ],
    "Second City:::GPE": [
      "Where did Amy Poehler study improv?",
      "Second City"
    ],
    "ImprovOlympic:::GPE": [
      "What improv team did Amy Poehler join in the 1990s?",
      "ImprovOlympic"
    ],
    "the early 1990s:::DATE": [
      "When did Amy Poehler go to New York to become part of Upright Citizens Brigade?",
      "the early 1990s"
    ],
    "New York City:::GPE": [
      "Where did Amy Poehler go to in 1996?",
      "New York City"
    ],
    "1996:::DATE": [
      "When did Amy Poehler join Upright Citizens Brigade?",
      "1996"
    ],
    "Upright Citizens Brigade:::ORG": [
      "What improvisational comedy troupe did Amy Poehler join in New York City in 1996?",
      "Upright Citizens Brigade"
    ],
    "Matt Besser:::PERSON": [
      "Who was the original incarnation of the Upright Citizens Brigade?",
      "Matt Besser"
    ],
    "Amy Poehler:::PERSON": [
      "Along with Matt Besser, Ian Roberts, Matt Walsh, Adam McKay, Rick Roman, Horatio Sanz, and",
      "Amy Poehler"
    ],
    "Ian Roberts:::PERSON": [
      "Who was the original member of the Upright Citizens Brigade?",
      "Ian Roberts"
    ],
    "Matt Walsh:::PERSON": [
      "Who was the original member of the Upright Citizens Brigade?",
      "Matt Walsh"
    ],
    "Adam McKay:::PERSON": [
      "Who was the original member of the Upright Citizens Brigade?",
      "Adam McKay"
    ],
    "Rick Roman:::PERSON": [
      "Who was the original member of the Upright Citizens Brigade?",
      "Rick Roman"
    ],
    "Horatio Sanz:::PERSON": [
      "Who was a member of the Upright Citizens Brigade?",
      "Horatio Sanz"
    ],
    "Drew Franklin:::PERSON": [
      "Who was a member of the Upright Citizens Brigade?",
      "Drew Franklin"
    ],
    "UCB:::ORG": [
      "What is the logo of the Upright Citizens Brigade?",
      "UCB"
    ]
  },
  "106677": {
    "The Leftovers:::WORK_OF_ART": [
      "What is the name of the American television series created by Damon Lindelof and Tom Perrotta?",
      "The Leftovers"
    ],
    "American:::NORP": [
      "What nationality is The Leftovers?",
      "American"
    ],
    "Damon Lindelof:::PERSON": [
      "Who created The Leftovers?",
      "Damon Lindelof"
    ],
    "Tom Perrotta:::PERSON": [
      "Who created The Leftovers?",
      "Tom Perrotta"
    ],
    "HBO:::ORG": [
      "What network airs The Leftovers?",
      "HBO"
    ]
  },
  "127460": {
    "Vikram -LRB:::ORG": [
      "What is the name of the actor who has been a brand ambassador for the Sanjeevani Trust?",
      "Vikram -LRB"
    ],
    "RRB:::ORG": [
      "What is Vikram's real name?",
      "RRB"
    ],
    "Sanjeevani Trust:::ORG": [
      "What trust has Vikram been a brand ambassador for?",
      "Sanjeevani Trust"
    ],
    "Vidya Sudha:::PERSON": [
      "What school did Vikram stay at during the making of Deiva Thirumagal?",
      "Vidya Sudha"
    ],
    "Deiva Thirumagal:::PERSON": [
      "What film did Vikram star in?",
      "Deiva Thirumagal"
    ],
    "the Kasi Eye Care:::ORG": [
      "Along with Sanjeevani Trust and Vidya Sudha, what other organization does Vikram have long-term associations with?",
      "the Kasi Eye Care"
    ],
    "the Vikram Foundation:::ORG": [
      "What is the name of Vikram's welfare association?",
      "the Vikram Foundation"
    ]
  },
  "183311": {
    "Vince Vaughn:::PERSON": [
      "Who appeared in Rudy?",
      "Vince Vaughn"
    ],
    "the 1990s:::DATE": [
      "When did Vince Vaughn appear in a number of films?",
      "the 1990s"
    ],
    "Rudy -LRB- 1993 -RRB:::WORK_OF_ART": [
      "What was the name of the sports film starring Vince Vaughn?",
      "Rudy -LRB- 1993 -RRB"
    ],
    "The Lost World : Jurassic Park -LRB- 1997 -RRB:::WORK_OF_ART": [
      "What was the name of the sci-fi adventure dinosaur film starring Vince Vaughn?",
      "The Lost World : Jurassic Park -LRB- 1997 -RRB"
    ],
    "1998:::DATE": [
      "When was Return to Paradise released?",
      "1998"
    ]
  },
  "128846": {
    "Illusionist:::WORK_OF_ART": [
      "What is the name of the 2006 romantic mystery film starring Edward Norton, Paul Giamatti, and Jessica Biel?",
      "Illusionist"
    ],
    "2006:::DATE": [
      "When was The Illusionist released?",
      "2006"
    ],
    "American:::NORP": [
      "What nationality is The Illusionist?",
      "American"
    ],
    "Neil Burger:::PERSON": [
      "Who directed The Illusionist?",
      "Neil Burger"
    ],
    "Edward Norton:::PERSON": [
      "Who starred in The Illusionist?",
      "Edward Norton"
    ],
    "Paul Giamatti:::PERSON": [
      "Along with Edward Norton, Jessica Biel, and Jessica Biel, who starred in The Illusionist?",
      "Paul Giamatti"
    ],
    "Jessica Biel:::PERSON": [
      "Along with Edward Norton, Paul Giamatti, and Jessica Biel, who starred in The Illusionist?",
      "Jessica Biel"
    ]
  },
  "98203": {
    "2013:::DATE": [
      "In what year did Kiss Land debuted at number two on the Billboard 200?",
      "2013"
    ],
    "Kiss Land:::WORK_OF_ART": [
      "What was the name of his debut album?",
      "Kiss Land"
    ],
    "two:::CARDINAL": [
      "Kiss Land debuted at what number on the Billboard 200?",
      "two"
    ],
    "the Billboard 200:::WORK_OF_ART": [
      "Kiss Land debuted at number two on what chart?",
      "the Billboard 200"
    ],
    "six:::CARDINAL": [
      "How many singles were included on Kiss Land?",
      "six"
    ],
    "Kiss Land ':::WORK_OF_ART": [
      "What was the first single from Kiss Land?",
      "Kiss Land '"
    ],
    "Belong to the World:::WORK_OF_ART": [
      "What was the first single from Kiss Land?",
      "Belong to the World"
    ],
    "Love in the Sky:::WORK_OF_ART": [
      "What was the first single from Kiss Land?",
      "Love in the Sky"
    ],
    "Live For ':::WORK_OF_ART": [
      "What was the name of the first single from Kiss Land?",
      "Live For '"
    ],
    "Pretty ':::WORK_OF_ART": [
      "What was the first single off Kiss Land?",
      "Pretty '"
    ],
    "Wanderlust:::WORK_OF_ART": [
      "Along with Kiss Land, Pretty, Belong to the World, Belong to the World, Belong to the World, Belong to the World,",
      "Wanderlust"
    ]
  },
  "173801": {
    "Black Sails:::WORK_OF_ART": [
      "What is the name of the American television series set on New Providence Island?",
      "Black Sails"
    ],
    "American:::NORP": [
      "What nationality is Black Sails?",
      "American"
    ],
    "New Providence Island:::LOC": [
      "Where is Black Sails set?",
      "New Providence Island"
    ],
    "Robert Louis Stevenson 's:::PERSON": [
      "Who wrote 'Treasure Island'?",
      "Robert Louis Stevenson 's"
    ],
    "Treasure Island:::WORK_OF_ART": [
      "Black Sails is a prequel to what Robert Louis Stevenson novel?",
      "Treasure Island"
    ]
  },
  "28239": {
    "the Academy Award:::WORK_OF_ART": [
      "What award was the song nominated for?",
      "the Academy Award"
    ],
    "Best Original Song:::WORK_OF_ART": [
      "What Academy Award was the song nominated for?",
      "Best Original Song"
    ],
    "the Golden Globe Award:::WORK_OF_ART": [
      "What award did ''Colors of the Wind'' win?",
      "the Golden Globe Award"
    ],
    "Colors of the Wind ':::WORK_OF_ART": [
      "Which film won the Golden Globe for Best Original Song?",
      "Colors of the Wind '"
    ],
    "Disney 's Pocahontas:::WORK_OF_ART": [
      "Which movie won the Golden Globe for Best Original Song?",
      "Disney 's Pocahontas"
    ]
  },
  "67446": {
    "Dame Agatha Mary:::PERSON": [
      "Who was Clarissa Christie?",
      "Dame Agatha Mary"
    ],
    "Clarissa Christie:::PERSON": [
      "Who was Dame Agatha Mary's mother?",
      "Clarissa Christie"
    ],
    "Lady Mallowan:::PERSON": [
      "What was Dame Agatha Mary Clarissa Christie's nickname?",
      "Lady Mallowan"
    ],
    "DBE -LRB- n\u00e9e Miller:::ORG": [
      "What was the profession of Dame Agatha Mary Clarissa Christie?",
      "DBE -LRB- n\u00e9e Miller"
    ],
    "15 September 1890:::DATE": [
      "When was Dame Agatha Mary Clarissa Christie born?",
      "15 September 1890"
    ],
    "12 January 1976:::DATE": [
      "When did Christie die?",
      "12 January 1976"
    ],
    "English:::LANGUAGE": [
      "What language was Dame Agatha Mary Clarissa Christie?",
      "English"
    ]
  },
  "91048": {
    "Burstyn:::PERSON": [
      "Who won the Academy Award for Best Actress for Alice Doesn't Live Here Anymore?",
      "Burstyn"
    ],
    "second:::ORDINAL": [
      "How did Burstyn rank in the Academy Awards for her role in The Exorcist?",
      "second"
    ],
    "Academy Award:::WORK_OF_ART": [
      "What award did Burstyn win for her role in The Exorcist?",
      "Academy Award"
    ],
    "The Exorcist -LRB- 1973 -RRB:::WORK_OF_ART": [
      "What was Burstyn's second Oscar nomination?",
      "The Exorcist -LRB- 1973 -RRB"
    ],
    "the Academy Award for Best Actress:::WORK_OF_ART": [
      "What award did Burstyn win for her role in Martin Scorsese's Alice Doesn't Live Here Anymore?",
      "the Academy Award for Best Actress"
    ],
    "the following year:::DATE": [
      "When did Burstyn win the Academy Award for Best Actress?",
      "the following year"
    ],
    "Martin Scorsese 's:::PERSON": [
      "What film won Burstyn the Academy Award for Best Actress?",
      "Martin Scorsese 's"
    ],
    "Alice Does n't Live Here Anymore:::WORK_OF_ART": [
      "What movie won Burstyn an Academy Award for Best Actress?",
      "Alice Does n't Live Here Anymore"
    ]
  },
  "73913": {
    "Arcade Fire -LRB:::ORG": [
      "What is the name of the self-titled extended play by Arcade Fire?",
      "Arcade Fire -LRB"
    ],
    "Arcade Fire:::ORG": [
      "What band is Us Kids Know?",
      "Arcade Fire"
    ]
  },
  "86253": {
    "2001:::DATE": [
      "When did he appear at the South by Southwest Festival?",
      "2001"
    ],
    "South by Southwest Festival:::EVENT": [
      "At what festival did he perform in 2001?",
      "South by Southwest Festival"
    ],
    "Aware Records:::ORG": [
      "What label did he sign with after the 2001 South by Southwest Festival?",
      "Aware Records"
    ],
    "Columbia Records:::ORG": [
      "Who released his first EP?",
      "Columbia Records"
    ],
    "first:::ORDINAL": [
      "What was the name of his first EP?",
      "first"
    ],
    "EP:::WORK_OF_ART": [
      "What was the name of his first release?",
      "EP"
    ]
  },
  "101254": {
    "Kurt Angle:::PERSON": [
      "Who is the tenth Triple Crown Champion?",
      "Kurt Angle"
    ],
    "tenth:::ORDINAL": [
      "How many Triple Crown titles does Kurt Angle hold?",
      "tenth"
    ],
    "Triple Crown Champion:::EVENT": [
      "What is Kurt Angle's title?",
      "Triple Crown Champion"
    ],
    "fifth:::ORDINAL": [
      "How many times has Kurt Angle won the Triple Crown?",
      "fifth"
    ],
    "Grand Slam Champion -LRB:::WORK_OF_ART": [
      "What is Kurt Angle's fifth title?",
      "Grand Slam Champion -LRB"
    ],
    "RRB:::ORG": [
      "What is the name of the current WWE format?",
      "RRB"
    ],
    "WWE:::ORG": [
      "In what format has Kurt Angle twice won the Triple Crown?",
      "WWE"
    ],
    "World Wrestling Entertainment , Inc.:::ORG": [
      "What is the name of the company that deals in wrestling?",
      "World Wrestling Entertainment , Inc."
    ],
    "LRB- d/b/a:::ORG": [
      "What is another name for World Wrestling Entertainment, Inc.?",
      "LRB- d/b/a"
    ],
    "WWE -RRB:::ORG": [
      "What is World Wrestling Entertainment, Inc. d/b/a?",
      "WWE -RRB"
    ],
    "American:::NORP": [
      "What is the nationality of World Wrestling Entertainment?",
      "American"
    ]
  },
  "41852": {
    "Tom Hardy:::PERSON": [
      "Who portrayed Mad Max Rockatansky in the post-apocalyptic film?",
      "Tom Hardy"
    ],
    "Mad ':::WORK_OF_ART": [
      "What was Max Rockatansky's nickname?",
      "Mad '"
    ],
    "Max Rockatansky:::PERSON": [
      "Who did Tom Hardy portray in the film Mad Max : Fury Road?",
      "Max Rockatansky"
    ],
    "Mad Max : Fury Road -LRB- 2015:::WORK_OF_ART": [
      "What film did Tom Hardy star in?",
      "Mad Max : Fury Road -LRB- 2015"
    ],
    "Kray:::PERSON": [
      "What was the name of the twins in the film Legend?",
      "Kray"
    ],
    "2015:::DATE": [
      "When was Mad Max : Fury Road released?",
      "2015"
    ]
  },
  "105197": {
    "Jemaine Clement -LRB:::PERSON": [
      "Who is one half of the musical comedy duo Flight of the Conchords?",
      "Jemaine Clement -LRB"
    ],
    "10 January 1974:::DATE": [
      "When was Jemaine Clement born?",
      "10 January 1974"
    ],
    "RRB:::ORG": [
      "What is Jemaine Clement's real name?",
      "RRB"
    ],
    "New Zealand:::GPE": [
      "What is Jemaine Clement's nationality?",
      "New Zealand"
    ],
    "one half:::CARDINAL": [
      "What is Jemaine Clement's nickname?",
      "one half"
    ],
    "Flight of the Conchords:::WORK_OF_ART": [
      "What musical comedy duo is Jemaine Clement a part of?",
      "Flight of the Conchords"
    ],
    "Bret McKenzie:::PERSON": [
      "Along with Jemaine Clement, who is a member of the musical comedy duo Flight of the Conchords?",
      "Bret McKenzie"
    ]
  },
  "107144": {
    "Superman:::PERSON": [
      "What is the name of the fictional superhero appearing in comic books?",
      "Superman"
    ],
    "American:::NORP": [
      "Which comic books does Superman appear in?",
      "American"
    ],
    "DC Comics:::ORG": [
      "Who publishes Superman?",
      "DC Comics"
    ]
  },
  "109748": {
    "2014:::DATE": [
      "When was Divergent released?",
      "2014"
    ],
    "American:::NORP": [
      "What nationality is Divergent?",
      "American"
    ],
    "Neil Burger:::PERSON": [
      "Who directed Divergent?",
      "Neil Burger"
    ],
    "Veronica Roth:::PERSON": [
      "Who wrote the novel Divergent?",
      "Veronica Roth"
    ]
  },
  "200579": {
    "Prestige -LRB:::ORG": [
      "What film stars Michael Caine, Scarlett Johansson, Piper Perabo, Andy Serkis, and Rebecca Hall?",
      "Prestige -LRB"
    ],
    "RRB:::ORG": [
      "What is another name for The Prestige?",
      "RRB"
    ],
    "Michael Caine:::PERSON": [
      "Who stars in The Prestige?",
      "Michael Caine"
    ],
    "Scarlett Johansson:::PERSON": [
      "Along with Michael Caine, Piper Perabo, Andy Serkis, and Rebecca Hall, who stars in the film The Prestige?",
      "Scarlett Johansson"
    ],
    "Piper Perabo:::PERSON": [
      "Who stars in the film The Prestige?",
      "Piper Perabo"
    ],
    "Andy Serkis:::PERSON": [
      "Along with Michael Caine, Scarlett Johansson, Piper Perabo, and Rebecca Hall, who is a part of The Pres",
      "Andy Serkis"
    ],
    "Rebecca Hall:::PERSON": [
      "Along with Michael Caine, Scarlett Johansson, Piper Perabo, Andy Serkis, and Andy Serkis, who",
      "Rebecca Hall"
    ]
  },
  "213325": {
    "Ellen Burstyn 's:::PERSON": [
      "What was the name of Ellen Burstyn's career?",
      "Ellen Burstyn 's"
    ],
    "the late 1950s:::DATE": [
      "When did Ellen Burstyn's career begin?",
      "the late 1950s"
    ],
    "the next decade:::DATE": [
      "During what decade did Ellen Burstyn's career end?",
      "the next decade"
    ]
  },
  "147086": {
    "McCain:::PERSON": [
      "Who graduated from the U.S. Naval Academy in 1958?",
      "McCain"
    ],
    "four:::CARDINAL": [
      "How many stars were McCain's father and grandfather?",
      "four"
    ],
    "the United States Navy:::ORG": [
      "What was McCain's father's career in?",
      "the United States Navy"
    ],
    "the U.S. Naval Academy:::ORG": [
      "What was McCain's father's rank in the US Navy?",
      "the U.S. Naval Academy"
    ],
    "1958:::DATE": [
      "When did McCain graduate from the U.S. Naval Academy?",
      "1958"
    ]
  },
  "205040": {
    "Jane Eyre:::PERSON": [
      "What is the name of the novel by Charlotte Bront?",
      "Jane Eyre"
    ],
    "RSB- -LRB:::ORG": [
      "What is another name for Jane Eyre?",
      "RSB- -LRB"
    ],
    "An Autobiography -RRB:::WORK_OF_ART": [
      "What is the original name of Jane Eyre's novel?",
      "An Autobiography -RRB"
    ],
    "English:::LANGUAGE": [
      "What nationality is Charlotte Bront?",
      "English"
    ],
    "Charlotte Bront\u00eb:::PERSON": [
      "Who wrote Jane Eyre : An Autobiography?",
      "Charlotte Bront\u00eb"
    ]
  },
  "85389": {
    "1991:::DATE": [
      "When was Schumacher signed by the Benetton Formula One team?",
      "1991"
    ],
    "Mercedes:::ORG": [
      "Who funded Schumacher's debut for the Jordan Formula One team?",
      "Mercedes"
    ],
    "Jordan Formula One:::ORG": [
      "What team did Schumacher race for in 1991?",
      "Jordan Formula One"
    ],
    "Schumacher:::PERSON": [
      "Which driver was signed by the Benetton Formula One team in 1991?",
      "Schumacher"
    ],
    "Benetton Formula:::ORG": [
      "What team signed Schumacher as their driver in 1991?",
      "Benetton Formula"
    ],
    "One:::CARDINAL": [
      "What team did Schumacher race for in 1991?",
      "One"
    ]
  },
  "180560": {
    "Nellie Bly:::PERSON": [
      "What is the name of the woman who serves New York City - Atlantic City?",
      "Nellie Bly"
    ],
    "New York City - Atlantic City:::GPE": [
      "What area of New Jersey does Nellie Bly serve?",
      "New York City - Atlantic City"
    ],
    "New Jersey:::GPE": [
      "In what state is Nellie Bly located?",
      "New Jersey"
    ]
  },
  "9813": {
    "Muslims:::NORP": [
      "What is the most common denomination of Muslims?",
      "Muslims"
    ],
    "one:::CARDINAL": [
      "How many denominations do most Muslims belong to?",
      "one"
    ],
    "two:::CARDINAL": [
      "How many denominations do most Muslims belong to?",
      "two"
    ],
    "Sunni:::NORP": [
      "What is the most common religion of Muslims?",
      "Sunni"
    ],
    "90 %:::PERCENT": [
      "What percentage of Muslims are Sunnis?",
      "90 %"
    ],
    "Shia:::NORP": [
      "What is the other denomination of Islam?",
      "Shia"
    ],
    "20 %:::PERCENT": [
      "What percentage of Muslims are Shia?",
      "20 %"
    ]
  },
  "130729": {
    "the Seven Years ' War:::EVENT": [
      "After what war was the French government deeply in debt?",
      "the Seven Years ' War"
    ],
    "the American Revolutionary War:::EVENT": [
      "After the Seven Years'War and what other war was the French government deeply in debt?",
      "the American Revolutionary War"
    ],
    "French:::NORP": [
      "Which country's government was deeply in debt after the Seven Years' War and the American Revolutionary War?",
      "French"
    ]
  },
  "14952": {
    "Buscemi:::PERSON": [
      "Who has starred in The Grey Zone, Big Fish, and The Sopranos?",
      "Buscemi"
    ],
    "Hollywood:::GPE": [
      "What genre of film has Buscemi starred in?",
      "Hollywood"
    ],
    "Parting Glances:::WORK_OF_ART": [
      "What film was Buscemi a part of?",
      "Parting Glances"
    ],
    "New York Stories:::WORK_OF_ART": [
      "What film was Buscemi a part of?",
      "New York Stories"
    ],
    "Mystery Train:::WORK_OF_ART": [
      "What movie was Buscemi a part of?",
      "Mystery Train"
    ],
    "Reservoir Dogs:::WORK_OF_ART": [
      "What film was Buscemi a part of?",
      "Reservoir Dogs"
    ],
    "Desperado , Con Air:::WORK_OF_ART": [
      "What films has Buscemi starred in?",
      "Desperado , Con Air"
    ],
    "Armageddon:::WORK_OF_ART": [
      "What film was Buscemi a part of?",
      "Armageddon"
    ],
    "The Grey Zone:::WORK_OF_ART": [
      "What film was Buscemi a part of?",
      "The Grey Zone"
    ],
    "Ghost World:::WORK_OF_ART": [
      "What film was Buscemi a part of?",
      "Ghost World"
    ],
    "Big Fish:::WORK_OF_ART": [
      "What film was Buscemi a part of?",
      "Big Fish"
    ],
    "The Sopranos:::WORK_OF_ART": [
      "What movie did Buscemi support?",
      "The Sopranos"
    ]
  },
  "119277": {
    "2014:::DATE": [
      "When did she become the highest paid black musician in history?",
      "2014"
    ],
    "Time:::ORG": [
      "What magazine listed her as one of the 100 most influential people in the world for the second year in a row?",
      "Time"
    ],
    "100:::CARDINAL": [
      "How many influential people in the world did she rank for a second year in a row?",
      "100"
    ],
    "a second year in a row:::DATE": [
      "How many years in a row was she listed among Time's 100 most influential people in the world?",
      "a second year in a row"
    ]
  },
  "142346": {
    "LRB:::ORG": [
      "What is the name of the series that has seen an increase in interest internationally?",
      "LRB"
    ],
    "US:::GPE": [
      "Which country has seen an increase in interest in the series?",
      "US"
    ],
    "Netflix:::ORG": [
      "What streaming service has RRB been added to?",
      "Netflix"
    ]
  },
  "55610": {
    "Gomez:::PERSON": [
      "Who is an executive producer on the original series of 13 Reasons Why?",
      "Gomez"
    ],
    "2008:::DATE": [
      "When did Gomez start her own production company?",
      "2008"
    ],
    "July Moon Productions:::ORG": [
      "What was the name of Gomez's production company?",
      "July Moon Productions"
    ],
    "Netflix:::ORG": [
      "What network is 13 Reasons Why on?",
      "Netflix"
    ],
    "13:::CARDINAL": [
      "What is the name of the original series Gomez produced for Netflix?",
      "13"
    ],
    "March 2017:::DATE": [
      "When did 13 Reasons Why first air on Netflix?",
      "March 2017"
    ]
  },
  "35503": {
    "Goodbye Lullaby:::WORK_OF_ART": [
      "What was Lavigne's fourth top 10 album?",
      "Goodbye Lullaby"
    ],
    "Lavigne:::PERSON": [
      "Who was Goodbye Lullaby's fourth top 10 album?",
      "Lavigne"
    ],
    "fourth:::ORDINAL": [
      "How did Goodbye Lullaby rank on the US Billboard 200 and UK Albums Chart?",
      "fourth"
    ],
    "10:::CARDINAL": [
      "How many top albums did Goodbye Lullaby have on the US Billboard 200 and UK Albums Chart?",
      "10"
    ],
    "the US Billboard 200:::WORK_OF_ART": [
      "Goodbye Lullaby gave Lavigne her fourth top 10 album on what chart?",
      "the US Billboard 200"
    ],
    "the UK Albums Chart:::WORK_OF_ART": [
      "What chart did Goodbye Lullaby land her on?",
      "the UK Albums Chart"
    ],
    "third:::ORDINAL": [
      "Where did Goodbye Lullaby rank in both Japan and Australia?",
      "third"
    ],
    "1:::CARDINAL": [
      "How many albums did Goodbye Lullaby have on the US Billboard 200 and UK Albums Chart?",
      "1"
    ],
    "Japan:::GPE": [
      "What country did Goodbye Lullaby land in?",
      "Japan"
    ],
    "Australia:::GPE": [
      "Goodbye Lullaby was Lavigne's third top 10 album in Japan and which other country?",
      "Australia"
    ]
  },
  "104444": {
    "1988:::DATE": [
      "When did he graduate from Northwestern University with a Bachelor of Arts in theater and speech?",
      "1988"
    ],
    "Northwestern University:::ORG": [
      "Where did he receive his Bachelor of Arts in theater and speech?",
      "Northwestern University"
    ],
    "Bachelor of Arts:::ORG": [
      "What degree did he receive from Northwestern University in 1988?",
      "Bachelor of Arts"
    ],
    "Northwestern University -LRB- NU -RRB:::ORG": [
      "What is the name of Northwestern University?",
      "Northwestern University -LRB- NU -RRB"
    ],
    "Evanston:::GPE": [
      "Where is Northwestern University based?",
      "Evanston"
    ],
    "Illinois:::GPE": [
      "Where is Northwestern University located?",
      "Illinois"
    ],
    "Chicago:::GPE": [
      "In what city is Northwestern University located?",
      "Chicago"
    ],
    "Doha:::GPE": [
      "Where is Northwestern University located?",
      "Doha"
    ],
    "Qatar:::GPE": [
      "Where is Doha located?",
      "Qatar"
    ],
    "Washington:::GPE": [
      "Where is Northwestern University located in Washington D.C.?",
      "Washington"
    ],
    "D.C.:::GPE": [
      "Where is Northwestern University located?",
      "D.C."
    ],
    "San Francisco:::GPE": [
      "Where is Northwestern University located in California?",
      "San Francisco"
    ],
    "California:::GPE": [
      "Where is San Francisco located?",
      "California"
    ]
  },
  "50731": {
    "Breaking Away:::WORK_OF_ART": [
      "What is one of Craig Brewer's notable films?",
      "Breaking Away"
    ],
    "The Right Stuff:::WORK_OF_ART": [
      "What is one of Craig Brewer's notable films?",
      "The Right Stuff"
    ],
    "Wyatt Earp:::WORK_OF_ART": [
      "Along with Breaking Away, The Right Stuff, The Rookie, Traffic, Vantage Point, Frequency, Mine & Ours",
      "Wyatt Earp"
    ],
    "The Rookie , The Day After Tomorrow , Traffic , Vantage Point:::WORK_OF_ART": [
      "What are some of Craig Brewer's notable films?",
      "The Rookie , The Day After Tomorrow , Traffic , Vantage Point"
    ],
    "Footloose:::WORK_OF_ART": [
      "What is the name of the 2011 American musical dance film directed by Craig Brewer?",
      "Footloose"
    ],
    "The Parent Trap , Yours , Mine & Ours:::WORK_OF_ART": [
      "What are some of Craig Brewer's notable films?",
      "The Parent Trap , Yours , Mine & Ours"
    ],
    "Soul Surfer:::WORK_OF_ART": [
      "Along with Breaking Away, The Right Stuff, Wyatt Earp, Traffic, Vantage Point, Frequency, Mine ",
      "Soul Surfer"
    ],
    "2011:::DATE": [
      "When was Footloose released?",
      "2011"
    ],
    "American:::NORP": [
      "What nationality is Footloose?",
      "American"
    ],
    "Craig Brewer:::PERSON": [
      "Who directed Footloose?",
      "Craig Brewer"
    ]
  },
  "121515": {
    "Selena:::PERSON": [
      "Who released Entre a Mi Mundo?",
      "Selena"
    ],
    "Entre a Mi Mundo -LRB:::ORG": [
      "What was the name of Selena's third album?",
      "Entre a Mi Mundo -LRB"
    ],
    "1992:::DATE": [
      "When was Entre a Mi Mundo released?",
      "1992"
    ],
    "U.S. Billboard Regional Mexican Albums:::ORG": [
      "What was the name of Selena's third album?",
      "U.S. Billboard Regional Mexican Albums"
    ],
    "19 nonconsecutive weeks:::DATE": [
      "How many weeks did Entre a Mi Mundo peaked at number one on the U.S. Billboard Regional Mexican Albums chart?",
      "19 nonconsecutive weeks"
    ],
    "third:::ORDINAL": [
      "How many studio albums did Selena release?",
      "third"
    ],
    "American:::NORP": [
      "What nationality is Selena?",
      "American"
    ],
    "May 6 , 1992:::DATE": [
      "When was Selena's third album released?",
      "May 6 , 1992"
    ],
    "EMI Latin:::ORG": [
      "What label released Selena's third album?",
      "EMI Latin"
    ],
    "Entre a Mi Mundo:::WORK_OF_ART": [
      "What was the name of Selena's third album?",
      "Entre a Mi Mundo"
    ],
    "Tejano:::NORP": [
      "What is the name of Selena's third album?",
      "Tejano"
    ],
    "R&B:::WORK_OF_ART": [
      "What genre of music did Entre a Mi Mundo include?",
      "R&B"
    ],
    "Como la Flor ':::WORK_OF_ART": [
      "What is the name of Selena's most popular recording?",
      "Como la Flor '"
    ],
    "Mexico:::GPE": [
      "In what country did Selena's ''Como la Flor'' originate?",
      "Mexico"
    ]
  },
  "204927": {
    "Jane:::PERSON": [
      "What is the name of the 1997 film that Ridley Scott directed?",
      "Jane"
    ],
    "1997:::DATE": [
      "When was G.I. Jane released?",
      "1997"
    ],
    "American:::NORP": [
      "What nationality is G.I. Jane?",
      "American"
    ],
    "Ridley Scott:::PERSON": [
      "Who directed G.I. Jane?",
      "Ridley Scott"
    ],
    "Largo Entertainment:::ORG": [
      "Who produced G.I. Jane?",
      "Largo Entertainment"
    ],
    "Scott Free Productions:::ORG": [
      "Who produced G.I. Jane?",
      "Scott Free Productions"
    ],
    "Caravan Pictures:::ORG": [
      "Along with Largo Entertainment and Scott Free Productions, who produced G.I. Jane?",
      "Caravan Pictures"
    ],
    "Hollywood Pictures:::ORG": [
      "Who distributed G.I. Jane?",
      "Hollywood Pictures"
    ],
    "Demi Moore:::PERSON": [
      "Who starred in G.I. Jane?",
      "Demi Moore"
    ],
    "Viggo Mortensen:::PERSON": [
      "Along with Demi Moore and Anne Bancroft, who starred in G.I. Jane?",
      "Viggo Mortensen"
    ],
    "Anne Bancroft:::PERSON": [
      "Along with Demi Moore and Viggo Mortensen, who starred in G.I. Jane?",
      "Anne Bancroft"
    ]
  },
  "87841": {
    "Buffon:::PERSON": [
      "Who made his Serie A debut with Parma in 1995?",
      "Buffon"
    ],
    "Parma:::PERSON": [
      "Where did Buffon begin his professional career?",
      "Parma"
    ],
    "1995:::DATE": [
      "When did Buffon's professional career begin?",
      "1995"
    ],
    "Serie A:::WORK_OF_ART": [
      "What was Buffon's professional debut in?",
      "Serie A"
    ],
    "Italy:::GPE": [
      "In what country did Buffon earn a reputation as one of the most promising young goalkeepers?",
      "Italy"
    ],
    "the Coppa Italia:::EVENT": [
      "What competition did Buffon win during his time with Parma?",
      "the Coppa Italia"
    ],
    "the UEFA Cup:::EVENT": [
      "Along with the Coppa Italia and Supercoppa Italiana, what competition did Buffon win in 1999?",
      "the UEFA Cup"
    ],
    "the Supercoppa Italiana:::EVENT": [
      "Along with the Coppa Italia, UEFA Cup and the Supercoppa Italiana, what competition did Buffon win in 1999",
      "the Supercoppa Italiana"
    ],
    "1999:::DATE": [
      "In what year did Buffon win the Coppa Italia, the UEFA Cup and the Supercoppa Italiana?",
      "1999"
    ]
  },
  "225757": {
    "Liza Minnelli:::PERSON": [
      "Who won a Tony Award for Best Actress in a Musical in 1974?",
      "Liza Minnelli"
    ],
    "Special Tony Award:::WORK_OF_ART": [
      "What award did Liza Minnelli win in 1974?",
      "Special Tony Award"
    ],
    "1974:::DATE": [
      "When did Liza Minnelli win a Special Tony Award?",
      "1974"
    ],
    "three-week:::DATE": [
      "How long was Liza Minnelli in the Winter Garden Theatre?",
      "three-week"
    ],
    "the Winter Garden Theatre:::ORG": [
      "Where did Liza Minnelli perform for three weeks?",
      "the Winter Garden Theatre"
    ],
    "second:::ORDINAL": [
      "How did Liza Minnelli rank in the Tony Awards for Best Actress in a Musical?",
      "second"
    ],
    "Tony Award:::WORK_OF_ART": [
      "What award did Liza Minnelli win in 1974?",
      "Tony Award"
    ],
    "Best Actress in a Musical:::WORK_OF_ART": [
      "What was Liza Minnelli's second Tony Award for?",
      "Best Actress in a Musical"
    ],
    "1977:::DATE": [
      "When did Liza Minnelli win her second Tony Award for Best Actress in a Musical?",
      "1977"
    ],
    "The Act:::WORK_OF_ART": [
      "What musical won Liza Minnelli a Tony Award for Best Actress in a Musical?",
      "The Act"
    ],
    "Tony:::PERSON": [
      "What award did Liza Minnelli win in 1974?",
      "Tony"
    ],
    "1984:::DATE": [
      "When was the musical The Rink released?",
      "1984"
    ],
    "The Rink:::WORK_OF_ART": [
      "What musical was Liza Minnelli nominated for?",
      "The Rink"
    ],
    "2009:::DATE": [
      "In what year did Liza Minnelli win a Tony Award for Best Special Theatrical Event?",
      "2009"
    ],
    "Best Special Theatrical Event:::WORK_OF_ART": [
      "What Tony Award did Liza Minnelli win in 2009?",
      "Best Special Theatrical Event"
    ],
    "Liza:::PERSON": [
      "Who won a Tony Award for Best Actress in a Musical in 1974?",
      "Liza"
    ],
    "The Palace:::FAC": [
      "Where was Liza Minnelli's show at?",
      "The Palace"
    ]
  },
  "75557": {
    "Joel McHale:::PERSON": [
      "Who played Gillian Jacobs in Community?",
      "Joel McHale"
    ],
    "Gillian Jacobs:::PERSON": [
      "Who is a character in Community?",
      "Gillian Jacobs"
    ],
    "Danny Pudi:::PERSON": [
      "Who is the main character in Community?",
      "Danny Pudi"
    ],
    "Yvette Nicole Brown:::PERSON": [
      "Who is the main character in Community?",
      "Yvette Nicole Brown"
    ],
    "Alison Brie:::PERSON": [
      "Who is the main character in Community?",
      "Alison Brie"
    ],
    "Donald Glover:::PERSON": [
      "Who played Alison Brie in Community?",
      "Donald Glover"
    ],
    "Ken Jeong:::PERSON": [
      "Who played Chevy Chase in Community?",
      "Ken Jeong"
    ],
    "Chevy Chase:::PERSON": [
      "Who played Jim Rash in Community?",
      "Chevy Chase"
    ],
    "Jim Rash:::PERSON": [
      "Who is the main character in Community?",
      "Jim Rash"
    ],
    "Greendale:::GPE": [
      "Where is the fictional town of Community located?",
      "Greendale"
    ],
    "Colorado:::GPE": [
      "Where is Greendale located?",
      "Colorado"
    ]
  },
  "170076": {
    "David Robert Joseph Beckham:::PERSON": [
      "Who is an English footballer?",
      "David Robert Joseph Beckham"
    ],
    "RSB:::ORG": [
      "What is Beckham's nickname?",
      "RSB"
    ],
    "2 May 1975:::DATE": [
      "When was Beckham born?",
      "2 May 1975"
    ],
    "English:::LANGUAGE": [
      "What is Beckham's nationality?",
      "English"
    ]
  },
  "10969": {
    "1969:::DATE": [
      "When did he abandon a promising academic career?",
      "1969"
    ],
    "between 1978 and 1995:::DATE": [
      "How many people died in the bombings?",
      "between 1978 and 1995"
    ],
    "three:::CARDINAL": [
      "How many people died in the bombings?",
      "three"
    ],
    "23:::CARDINAL": [
      "How many people were injured in the bombings?",
      "23"
    ]
  },
  "45680": {
    "21:::CARDINAL": [
      "What was the name of the film that was released on March 16, 2012?",
      "21"
    ],
    "RRB:::ORG": [
      "What was the name of the 21 Jump Street film?",
      "RRB"
    ],
    "March 16 , 2012:::DATE": [
      "When was 21 Jump Street released?",
      "March 16 , 2012"
    ],
    "Columbia Pictures:::ORG": [
      "Who produced the film 21 Jump Street?",
      "Columbia Pictures"
    ],
    "Metro-Goldwyn-Mayer:::ORG": [
      "Along with Columbia Pictures, who produced the film 21 Jump Street?",
      "Metro-Goldwyn-Mayer"
    ],
    "$ 201 million:::MONEY": [
      "How much did 21 Jump Street grosse?",
      "$ 201 million"
    ]
  },
  "79735": {
    "Lake Tanganyika:::GPE": [
      "The southwestern border is adjacent to what lake?",
      "Lake Tanganyika"
    ],
    "Lake Tanganyika:::LOC": [
      "The southwestern border is adjacent to what lake?",
      "Lake Tanganyika"
    ],
    "African Great Lake:::LOC": [
      "What type of lake is Lake Tanganyika?",
      "African Great Lake"
    ]
  },
  "226568": {
    "2001:::DATE": [
      "In what year did Crowe win a BAFTA Award for Best Actor in a Leading Role?",
      "2001"
    ],
    "Crowe:::PERSON": [
      "Who portrayed John F. Nash in 2001?",
      "Crowe"
    ],
    "Nobel Prize:::WORK_OF_ART": [
      "What award did John F. Nash win in 2001?",
      "Nobel Prize"
    ],
    "John F. Nash:::PERSON": [
      "Who did Crowe portray in A Beautiful Mind?",
      "John F. Nash"
    ],
    "A Beautiful Mind:::WORK_OF_ART": [
      "What biopic did Crowe portray John F. Nash in 2001?",
      "A Beautiful Mind"
    ],
    "BAFTA Award for Best Actor in a Leading Role:::WORK_OF_ART": [
      "What award did Crowe win for his portrayal of John F. Nash?",
      "BAFTA Award for Best Actor in a Leading Role"
    ],
    "a Golden Globe Award:::WORK_OF_ART": [
      "What award did Crowe win for Best Actor in a Motion Picture Drama?",
      "a Golden Globe Award"
    ],
    "Best Actor in a Motion Picture Drama:::WORK_OF_ART": [
      "What Golden Globe award did Crowe win for his portrayal of John F. Nash?",
      "Best Actor in a Motion Picture Drama"
    ],
    "a Screen Actors Guild Award for Outstanding Performance by a Male Actor in a Leading Role:::WORK_OF_ART": [
      "What award did Crowe win for his portrayal of John F. Nash?",
      "a Screen Actors Guild Award for Outstanding Performance by a Male Actor in a Leading Role"
    ]
  },
  "50497": {
    "LRB-TV:::ORG": [
      "What was the name of the series that aired Damages?",
      "LRB-TV"
    ],
    "RRB:::ORG": [
      "What was the name of the Damages -LRB-TV series?",
      "RRB"
    ],
    "July 24 , 2007:::DATE": [
      "When did Damages first air?",
      "July 24 , 2007"
    ],
    "FX:::ORG": [
      "On what channel did Damages first air?",
      "FX"
    ],
    "three seasons:::DATE": [
      "How many seasons did Damages air on FX?",
      "three seasons"
    ],
    "DirecTV:::ORG": [
      "What channel did Damages move to in 2010?",
      "DirecTV"
    ],
    "Audience Network:::ORG": [
      "What DirecTV channel did Damages move to in 2010?",
      "Audience Network"
    ],
    "2010:::DATE": [
      "When did Damages move to DirecTV?",
      "2010"
    ],
    "two:::CARDINAL": [
      "How many seasons did Damages air on DirecTV in 2010?",
      "two"
    ],
    "2012:::DATE": [
      "When did Damages end?",
      "2012"
    ]
  },
  "117156": {
    "Odyssey:::WORK_OF_ART": [
      "What is one of the two major ancient Greek epic poems attributed to Homer?",
      "Odyssey"
    ],
    "one:::CARDINAL": [
      "How many of Homer's epic poems are there?",
      "one"
    ],
    "two:::CARDINAL": [
      "How many major ancient Greek epic poems are attributed to Homer?",
      "two"
    ],
    "Greek:::NORP": [
      "What language is Homer's Odyssey?",
      "Greek"
    ],
    "Homer:::PERSON": [
      "Who wrote the Odyssey?",
      "Homer"
    ]
  },
  "140688": {
    "Dustin Hoffman:::PERSON": [
      "Who won the Academy Award for Best Actor for Kramer v. Kramer?",
      "Dustin Hoffman"
    ],
    "the Academy Award for Best Actor:::WORK_OF_ART": [
      "What award did Dustin Hoffman win for Kramer v. Kramer?",
      "the Academy Award for Best Actor"
    ],
    "1980:::DATE": [
      "When did Dustin Hoffman win the Academy Award for Best Actor?",
      "1980"
    ],
    "Kramer:::PERSON": [
      "What film won the Academy Award for Best Actor in 1980?",
      "Kramer"
    ],
    "1989:::DATE": [
      "When did Dustin Hoffman win the Academy Award for Rain Man?",
      "1989"
    ],
    "Rain Man:::WORK_OF_ART": [
      "What film won the Academy Award for Best Actor in 1989?",
      "Rain Man"
    ]
  },
  "93642": {
    "Marta Fran Kauffman -LRB:::PERSON": [
      "Who is the co-creator of Friends?",
      "Marta Fran Kauffman -LRB"
    ],
    "September 21 , 1956:::DATE": [
      "When was Marta Fran Kauffman born?",
      "September 21 , 1956"
    ],
    "RRB:::ORG": [
      "What is Marta Fran Kauffman's real name?",
      "RRB"
    ],
    "American:::NORP": [
      "What nationality is Marta Fran Kauffman?",
      "American"
    ],
    "Friends:::WORK_OF_ART": [
      "What sitcom is Marta Fran Kauffman best known for co-creating?",
      "Friends"
    ],
    "David Crane:::PERSON": [
      "Along with Marta Fran Kauffman, who was a co-creator of Friends?",
      "David Crane"
    ]
  },
  "79185": {
    "1994:::DATE": [
      "When did she start modeling?",
      "1994"
    ],
    "Sports Illustrated:::ORG": [
      "What is the name of one of the publications she has been modeling for since 1994?",
      "Sports Illustrated"
    ],
    "Perry Ellis:::PERSON": [
      "Along with Victoria's Secret, what famous brand has she modeled for?",
      "Perry Ellis"
    ],
    "Victoria 's Secret:::ORG": [
      "Along with Perry Ellis and Perry Ellis, what brand has she modeled for?",
      "Victoria 's Secret"
    ]
  },
  "122487": {
    "Christopher Marlowe:::PERSON": [
      "Who was a playwright, poet, and translator of the Elizabethan era?",
      "Christopher Marlowe"
    ],
    "Kit Marlowe -LRB:::ORG": [
      "What was Christopher Marlowe also known as?",
      "Kit Marlowe -LRB"
    ],
    "26 February 156430 May 1593:::DATE": [
      "When was Christopher Marlowe baptized?",
      "26 February 156430 May 1593"
    ],
    "English:::LANGUAGE": [
      "What language was Christopher Marlowe?",
      "English"
    ],
    "Elizabethan:::NORP": [
      "What era was Christopher Marlowe a translator?",
      "Elizabethan"
    ]
  },
  "20044": {
    "Live Your Life ':::WORK_OF_ART": [
      "What is the title of T.I.'s sixth album?",
      "Live Your Life '"
    ],
    "American:::NORP": [
      "What nationality is T.I.?",
      "American"
    ],
    "T.I.:::PERSON": [
      "Who wrote the song ''Live Your Life''?",
      "T.I."
    ],
    "sixth:::ORDINAL": [
      "How many albums does T.I. have?",
      "sixth"
    ],
    "Paper Trail -LRB- 2008:::WORK_OF_ART": [
      "What was the name of T.I.'s sixth album?",
      "Paper Trail -LRB- 2008"
    ],
    "Barbadian:::NORP": [
      "What is the nationality of Rihanna?",
      "Barbadian"
    ],
    "Rihanna:::PERSON": [
      "What Barbadian singer is featured on Live Your Life?",
      "Rihanna"
    ]
  },
  "19073": {
    "Eagles:::ORG": [
      "What is one of the best selling bands of all time?",
      "Eagles"
    ],
    "one:::CARDINAL": [
      "How many of the world's best selling bands are the Eagles?",
      "one"
    ],
    "more than 150 million:::CARDINAL": [
      "How many records have The Eagles sold?",
      "more than 150 million"
    ],
    "100 million:::CARDINAL": [
      "How many records have The Eagles sold in the U.S. alone?",
      "100 million"
    ],
    "U.S.:::GPE": [
      "Where did The Eagles sell 100 million records?",
      "U.S."
    ],
    "42 million:::CARDINAL": [
      "How many copies of Their Greatest Hits were sold in the U.S.?",
      "42 million"
    ],
    "Their Greatest Hits -LRB- 1971:::WORK_OF_ART": [
      "What album did The Eagles sell 42 million copies of?",
      "Their Greatest Hits -LRB- 1971"
    ],
    "1975:::DATE": [
      "What year did The Eagles release their first album?",
      "1975"
    ],
    "32 million:::CARDINAL": [
      "How many copies of Hotel California have been sold by The Eagles?",
      "32 million"
    ],
    "Hotel California:::ORG": [
      "What album did The Eagles sell 32 million copies of?",
      "Hotel California"
    ]
  },
  "208125": {
    "Medina:::PERSON": [
      "What was the capital of a rapidly growing Muslim Empire?",
      "Medina"
    ],
    "Muhammad:::PERSON": [
      "Whose destination was Medina?",
      "Muhammad"
    ],
    "Hijrah:::PERSON": [
      "What was the name of Muhammad's destination from Mecca?",
      "Hijrah"
    ],
    "Mecca:::GPE": [
      "Where was Muhammad's Hijrah?",
      "Mecca"
    ],
    "Muslim Empire:::GPE": [
      "Medina became the capital of what empire?",
      "Muslim Empire"
    ],
    "first:::ORDINAL": [
      "When did Medina become the capital of the Muslim Empire?",
      "first"
    ],
    "Ali:::PERSON": [
      "Under whose leadership did Medina become the capital of the Muslim Empire?",
      "Ali"
    ]
  },
  "14773": {
    "Albert Arnold Gore Jr. -LRB:::PERSON": [
      "Who was the 45th Vice President of the United States from 1993 to 2001?",
      "Albert Arnold Gore Jr. -LRB"
    ],
    "March 31 , 1948:::DATE": [
      "When was Albert Arnold Gore Jr. born?",
      "March 31 , 1948"
    ],
    "RRB:::ORG": [
      "What was Albert Arnold Gore Jr.'s real name?",
      "RRB"
    ],
    "American:::NORP": [
      "What nationality is Albert Arnold Gore Jr.?",
      "American"
    ],
    "45th:::ORDINAL": [
      "What rank did Albert Arnold Gore Jr. hold as Vice President of the United States?",
      "45th"
    ],
    "the United States:::GPE": [
      "What country did Albert Arnold Gore Jr. serve as Vice President?",
      "the United States"
    ],
    "1993 to 2001:::DATE": [
      "When did Gore serve as the 45th Vice President of the United States?",
      "1993 to 2001"
    ],
    "Bill Clinton:::PERSON": [
      "Who was the 45th Vice President of the United States from 1993 to 2001?",
      "Bill Clinton"
    ]
  },
  "122117": {
    "Jason Sudeikis:::PERSON": [
      "Who is best known for his roles in Hall Pass?",
      "Jason Sudeikis"
    ],
    "Hall Pass:::ORG": [
      "What film is Jason Sudeikis best known for?",
      "Hall Pass"
    ],
    "2011:::DATE": [
      "When was Hall Pass released?",
      "2011"
    ],
    "2013:::DATE": [
      "When did Jason Sudeikis star in Hall Pass?",
      "2013"
    ],
    "2014:::DATE": [
      "When was Horrible Bosses 2 released?",
      "2014"
    ],
    "2015:::DATE": [
      "When was Sleeping with Other People released?",
      "2015"
    ],
    "2016:::DATE": [
      "When did The Angry Birds Movie come out?",
      "2016"
    ],
    "2017:::DATE": [
      "When did Jason Sudeikis star in Colossal?",
      "2017"
    ]
  },
  "197841": {
    "Parineeti Chopra -LRB:::PERSON": [
      "Who is the cousin sister of Priyanka Chopra?",
      "Parineeti Chopra -LRB"
    ],
    "1988:::DATE": [
      "When was Parineeti Chopra born?",
      "1988"
    ],
    "Indian:::NORP": [
      "What nationality was Parineeti Chopra?",
      "Indian"
    ],
    "Bollywood:::NORP": [
      "What type of actress is Parineeti Chopra?",
      "Bollywood"
    ],
    "Priyanka Chopra:::PERSON": [
      "Who is Parineeti Chopra's sister?",
      "Priyanka Chopra"
    ]
  },
  "199223": {
    "Jos\u00e9 Aldo da Silva Oliveira:::PERSON": [
      "Who is the UFC Featherweight Champion?",
      "Jos\u00e9 Aldo da Silva Oliveira"
    ],
    "RSB:::ORG": [
      "What is Jos\u00e9 Aldo da Silva Oliveira Junior's nickname?",
      "RSB"
    ],
    "September 9 , 1986:::DATE": [
      "When was Jos\u00e9 Aldo da Silva Oliveira Junior born?",
      "September 9 , 1986"
    ],
    "RRB:::ORG": [
      "What is Jos\u00e9 Aldo da Silva Oliveira Junior's nickname?",
      "RRB"
    ],
    "Brazilian:::NORP": [
      "What is Jos\u00e9 Aldo da Silva Oliveira Junior's nationality?",
      "Brazilian"
    ],
    "the Ultimate Fighting Championship:::EVENT": [
      "What is Jos\u00e9 Aldo da Silva Oliveira Junior a member of?",
      "the Ultimate Fighting Championship"
    ],
    "the UFC Featherweight Champion:::EVENT": [
      "What is Jos\u00e9 Aldo da Silva Oliveira Junior's title?",
      "the UFC Featherweight Champion"
    ],
    "second:::ORDINAL": [
      "What is the current rank of Jos\u00e9 Aldo da Silva Oliveira Junior?",
      "second"
    ]
  },
  "91483": {
    "Federico Fellini 's:::PERSON": [
      "Whose film is Juliet of the Spirits a loose reworking of?",
      "Federico Fellini 's"
    ],
    "1965:::DATE": [
      "When was 'Juliet of the Spirits' released?",
      "1965"
    ],
    "Juliet of the Spirits:::WORK_OF_ART": [
      "What was the name of Federico Fellini's 1965 film?",
      "Juliet of the Spirits"
    ],
    "Alice:::PERSON": [
      "What is the name of the 1990 romantic fantasy film starring Mia Farrow, Joe Mantegna, and William Hurt?",
      "Alice"
    ],
    "1990:::DATE": [
      "When was Alice released?",
      "1990"
    ],
    "American:::NORP": [
      "What nationality is Alice?",
      "American"
    ],
    "Woody Allen:::PERSON": [
      "Who directed Alice?",
      "Woody Allen"
    ],
    "Mia Farrow:::PERSON": [
      "Who starred in Alice?",
      "Mia Farrow"
    ],
    "Joe Mantegna:::PERSON": [
      "Along with Mia Farrow, William Hurt and William Hurt, who starred in Alice?",
      "Joe Mantegna"
    ],
    "William Hurt:::PERSON": [
      "Along with Mia Farrow and Joe Mantegna, who starred in Alice?",
      "William Hurt"
    ]
  },
  "164864": {
    "L.A.:::GPE": [
      "Where did Guns go without Stacey Blades?",
      "L.A."
    ],
    "Guns:::PERSON": [
      "What band continued without Guns?",
      "Guns"
    ],
    "Stacey Blades:::PERSON": [
      "What guitarist did Guns bring in after Brides of Destruction was put on hiatus?",
      "Stacey Blades"
    ],
    "Brides of Destruction:::WORK_OF_ART": [
      "What band did Stacey Blades take a hiatus from in 2006?",
      "Brides of Destruction"
    ],
    "2006:::DATE": [
      "When did Guns put Brides of Destruction on hiatus?",
      "2006"
    ],
    "The Tracii Guns Band:::ORG": [
      "What band did Guns form after Brides of Destruction was put on hiatus?",
      "The Tracii Guns Band"
    ]
  },
  "116598": {
    "Brock Lesnar:::PERSON": [
      "Who signed with the Ultimate Fighting Championship -LRB- UFC -RRB-?",
      "Brock Lesnar"
    ],
    "Ultimate Fighting Championship:::ORG": [
      "What is the largest MMA promotion in the world?",
      "Ultimate Fighting Championship"
    ],
    "UFC:::ORG": [
      "What is the name of the MMA organization Brock Lesnar signed with?",
      "UFC"
    ],
    "the following October:::DATE": [
      "When did Brock Lesnar sign with the Ultimate Fighting Championship?",
      "the following October"
    ],
    "RRB:::ORG": [
      "What is another name for the Ultimate Fighting Championship?",
      "RRB"
    ],
    "American:::NORP": [
      "What nationality is the Ultimate Fighting Championship?",
      "American"
    ],
    "Las Vegas:::GPE": [
      "Where is the Ultimate Fighting Championship based?",
      "Las Vegas"
    ],
    "Nevada:::GPE": [
      "Where is the Ultimate Fighting Championship based?",
      "Nevada"
    ],
    "William Morris Endeavor:::ORG": [
      "Who owns and operates the Ultimate Fighting Championship -LRB- UFC -RRB-?",
      "William Morris Endeavor"
    ],
    "Ultimate Fighting Championship:::EVENT": [
      "What is the largest MMA promotion in the world?",
      "Ultimate Fighting Championship"
    ],
    "MMA:::ORG": [
      "What type of sport is the Ultimate Fighting Championship?",
      "MMA"
    ]
  },
  "97721": {
    "Joe Simon:::PERSON": [
      "Who created Captain America?",
      "Joe Simon"
    ],
    "Jack Kirby:::PERSON": [
      "Along with Joe Simon, who created Captain America?",
      "Jack Kirby"
    ],
    "first:::ORDINAL": [
      "When did Captain America first appear in comics?",
      "first"
    ],
    "Captain America Comics # 1 -LRB:::WORK_OF_ART": [
      "What was the first issue of Marvel's Captain America?",
      "Captain America Comics # 1 -LRB"
    ],
    "March 1941:::DATE": [
      "When did Captain America first appear on the cover of Timely Comics?",
      "March 1941"
    ],
    "Timely Comics:::ORG": [
      "What was the name of Marvel's predecessor?",
      "Timely Comics"
    ],
    "Marvel Comics:::ORG": [
      "What was Timely Comics a predecessor of?",
      "Marvel Comics"
    ]
  },
  "115130": {
    "Portuguese:::NORP": [
      "What was the first colonial empire of the Renaissance?",
      "Portuguese"
    ],
    "Imp\u00e9rio Portugu\u00eas -RRB-:::ORG": [
      "What is another name for the Portuguese Empire?",
      "Imp\u00e9rio Portugu\u00eas -RRB-"
    ],
    "Ultramar Portugu\u00eas -RRB:::ORG": [
      "What is another name for the Portuguese Overseas?",
      "Ultramar Portugu\u00eas -RRB"
    ],
    "one:::CARDINAL": [
      "How many of the largest and longest lived empires in history was the Portuguese Empire?",
      "one"
    ],
    "first:::ORDINAL": [
      "What was the name of the colonial empire of the Renaissance?",
      "first"
    ]
  },
  "190144": {
    "Marlon Brando:::PERSON": [
      "Who helped to popularize the Stanislavski system of acting?",
      "Marlon Brando"
    ],
    "Stanislavski:::PERSON": [
      "What system of acting did Marlon Brando help to popularize?",
      "Stanislavski"
    ],
    "Stella Adler:::PERSON": [
      "Who did Marlon Brando study with in the 1940s?",
      "Stella Adler"
    ],
    "the 1940s:::DATE": [
      "When did Marlon Brando study with Stella Adler?",
      "the 1940s"
    ]
  },
  "46848": {
    "New Line Cinema:::ORG": [
      "Who bought the franchise?",
      "New Line Cinema"
    ],
    "Cunningham:::PERSON": [
      "Who was the producer of the second film in the Nightmare on Elm Street series?",
      "Cunningham"
    ],
    "two:::CARDINAL": [
      "How many additional films did Cunningham oversee?",
      "two"
    ],
    "Freddy Krueger:::PERSON": [
      "Who was the main character in the Nightmare on Elm Street film series?",
      "Freddy Krueger"
    ],
    "Nightmare:::WORK_OF_ART": [
      "What Elm Street film series did Cunningham co-create with Freddy Krueger?",
      "Nightmare"
    ],
    "Elm Street:::FAC": [
      "What film series was Freddy Krueger a part of?",
      "Elm Street"
    ]
  },
  "36930": {
    "Memorial Continental Hall:::FAC": [
      "Where was the Four-Power Treaty held?",
      "Memorial Continental Hall"
    ],
    "Washington DC:::GPE": [
      "Where is Memorial Continental Hall located?",
      "Washington DC"
    ],
    "three:::CARDINAL": [
      "How many major treaties did the Washington Naval Treaty result in?",
      "three"
    ],
    "Four-Power Treaty:::LAW": [
      "What was the name of the three major treaties?",
      "Four-Power Treaty"
    ],
    "Five-Power Treaty -LRB:::LAW": [
      "What is another name for the Washington Naval Treaty?",
      "Five-Power Treaty -LRB"
    ],
    "the Washington Naval Treaty -RRB:::LAW": [
      "What is another name for the Five-Power Treaty?",
      "the Washington Naval Treaty -RRB"
    ],
    "the Nine-Power Treaty:::LAW": [
      "What is another name for the Washington Naval Treaty?",
      "the Nine-Power Treaty"
    ]
  },
  "26051": {
    "Lost Highway:::FAC": [
      "What is the name of the 1997 French-American film directed by David Lynch?",
      "Lost Highway"
    ],
    "1997:::DATE": [
      "When was Lost Highway released?",
      "1997"
    ],
    "French:::LANGUAGE": [
      "What language is Lost Highway?",
      "French"
    ],
    "-American:::NORP": [
      "What nationality is Lost Highway?",
      "-American"
    ],
    "David Lynch:::PERSON": [
      "Who directed Lost Highway?",
      "David Lynch"
    ]
  },
  "120410": {
    "Jared Padalecki:::PERSON": [
      "Who rose to fame in the early 2000s after appearing on Gilmore Girls?",
      "Jared Padalecki"
    ],
    "Texas:::GPE": [
      "Where did Jared Padalecki grow up?",
      "Texas"
    ],
    "the early 2000s:::DATE": [
      "When did Jared Padalecki rise to fame?",
      "the early 2000s"
    ],
    "Gilmore Girls:::WORK_OF_ART": [
      "What television series did Jared Padalecki appear on?",
      "Gilmore Girls"
    ],
    "New York Minute:::WORK_OF_ART": [
      "Along with House of Wax and Gilmore Girls, what film did Jared Padalecki appear in?",
      "New York Minute"
    ],
    "House of Wax:::WORK_OF_ART": [
      "What film did Jared Padalecki star in?",
      "House of Wax"
    ],
    "House of Wax -LRB:::ORG": [
      "What was the original name of the 2005 American-Australian horror thriller film?",
      "House of Wax -LRB"
    ],
    "Wax House:::ORG": [
      "What was the original name of House of Wax?",
      "Wax House"
    ],
    "Baby -RRB:::WORK_OF_ART": [
      "What was the original name of House of Wax?",
      "Baby -RRB"
    ],
    "2005:::DATE": [
      "When was House of Wax released?",
      "2005"
    ],
    "American:::NORP": [
      "What nationality is House of Wax?",
      "American"
    ],
    "Australian:::NORP": [
      "What is the nationality of the film \"Baby\" directed by Jaume Collet-Serra?",
      "Australian"
    ],
    "Jaume Collet-Serra:::PERSON": [
      "Who directed House of Wax -RRB?",
      "Jaume Collet-Serra"
    ],
    "Elisha Cuthbert:::PERSON": [
      "Who stars in the film House of Wax?",
      "Elisha Cuthbert"
    ],
    "Chad Michael Murray:::PERSON": [
      "Who starred in the film House of Wax?",
      "Chad Michael Murray"
    ],
    "Brian Van Holt:::PERSON": [
      "Who starred in the film House of Wax?",
      "Brian Van Holt"
    ],
    "Paris Hilton:::PERSON": [
      "Who starred in the film House of Wax?",
      "Paris Hilton"
    ],
    "Jon Abrahams:::PERSON": [
      "Along with Paris Hilton and Robert Ri  chard, who is a notable actor in the film House of Wax?",
      "Jon Abrahams"
    ],
    "Robert Ri ` chard:::PERSON": [
      "Who starred in the film House of Wax?",
      "Robert Ri ` chard"
    ]
  },
  "18146": {
    "Paul Leonard Newman:::PERSON": [
      "Who was an American actor, IndyCar driver, and philanthropist?",
      "Paul Leonard Newman"
    ],
    "LRB- January 26 , 1925:::DATE": [
      "What was Paul Leonard Newman's birth year?",
      "LRB- January 26 , 1925"
    ],
    "September 26 , 2008:::DATE": [
      "When did Paul Leonard Newman die?",
      "September 26 , 2008"
    ],
    "RRB:::ORG": [
      "What was Paul Leonard Newman's nickname?",
      "RRB"
    ],
    "American:::NORP": [
      "What nationality was Paul Leonard Newman?",
      "American"
    ],
    "IndyCar:::ORG": [
      "What was Paul Leonard Newman's career?",
      "IndyCar"
    ]
  },
  "185503": {
    "Paul Michael Levesque -LRB:::PERSON": [
      "What is the abbreviation for Triple H?",
      "Paul Michael Levesque -LRB"
    ],
    "July 27 , 1969:::DATE": [
      "When was Paul Michael Levesque born?",
      "July 27 , 1969"
    ],
    "Triple H -LRB:::ORG": [
      "What is Paul Michael Levesque's ring name?",
      "Triple H -LRB"
    ],
    "WWE:::ORG": [
      "What was Paul Michael Levesque's original ring name?",
      "WWE"
    ],
    "Hunter Hearst Helmsley -RRB:::ORG": [
      "What was Paul Michael Levesque's original WWE ring name?",
      "Hunter Hearst Helmsley -RRB"
    ],
    "American:::NORP": [
      "What is Paul Michael Levesque's nationality?",
      "American"
    ]
  },
  "10831": {
    "third:::ORDINAL": [
      "What was the third installment of The Divergent Series?",
      "third"
    ],
    "The Divergent Series:::WORK_OF_ART": [
      "What was the third installment of the Allegiant series called?",
      "The Divergent Series"
    ],
    "2016:::DATE": [
      "When was the third installment of The Divergent Series released?",
      "2016"
    ],
    "$ 179 million:::MONEY": [
      "How much did The Divergent Series grossed?",
      "$ 179 million"
    ]
  },
  "176984": {
    "Bus Stop -LRB- 1956 -RRB:::WORK_OF_ART": [
      "What was the first independent production of MMP?",
      "Bus Stop -LRB- 1956 -RRB"
    ],
    "first:::ORDINAL": [
      "What was the name of the first independent production of MMP?",
      "first"
    ],
    "MMP:::ORG": [
      "What was the name of the first independent production of The Prince and the Showgirl?",
      "MMP"
    ],
    "1957:::DATE": [
      "When did she win a Golden Globe for her role in Bus Stop?",
      "1957"
    ],
    "a Golden Globe:::WORK_OF_ART": [
      "What award did she win for her role in Bus Stop?",
      "a Golden Globe"
    ],
    "1959:::DATE": [
      "When did she win a Golden Globe for her role in Some Like It Hot?",
      "1959"
    ]
  },
  "186897": {
    "Batman:::PERSON": [
      "What is the name of the first live-action film to feature Batman and Superman?",
      "Batman"
    ],
    "Superman:::PERSON": [
      "What is the first live-action film to feature Batman and Superman together?",
      "Superman"
    ],
    "Dawn of Justice:::WORK_OF_ART": [
      "What is the first live-action film to feature Batman and Superman together?",
      "Dawn of Justice"
    ],
    "first:::ORDINAL": [
      "What is the first live action film to feature Batman and Superman together?",
      "first"
    ],
    "Wonder Woman , Aquaman:::WORK_OF_ART": [
      "Along with The Flash and Cyborg, what other superheroes were featured in the first live-action film?",
      "Wonder Woman , Aquaman"
    ],
    "The Flash and Cyborg:::WORK_OF_ART": [
      "Along with Wonder Woman, Aquaman, and Cyborg, what two live-action films were featured in Dawn of Justice?",
      "The Flash and Cyborg"
    ]
  },
  "218568": {
    "The USC School of Cinematic Arts -LRB:::ORG": [
      "What is the former name of the USC School of Cinematic Arts?",
      "The USC School of Cinematic Arts -LRB"
    ],
    "the USC School of Cinema-Television:::ORG": [
      "What was the USC School of Cinematic Arts formerly known as?",
      "the USC School of Cinema-Television"
    ],
    "CNTV -RRB:::ORG": [
      "What is another name for the USC School of Cinematic Arts?",
      "CNTV -RRB"
    ],
    "the University of Southern California:::ORG": [
      "Where is the USC School of Cinematic Arts located?",
      "the University of Southern California"
    ],
    "Los Angeles:::GPE": [
      "Where is the USC School of Cinematic Arts located?",
      "Los Angeles"
    ],
    "U.S.:::GPE": [
      "Where is the USC School of Cinematic Arts located?",
      "U.S."
    ],
    "California:::GPE": [
      "Where is the USC School of Cinematic Arts located?",
      "California"
    ]
  },
  "92476": {
    "Roughly 85 %:::PERCENT": [
      "What percentage of the population is of Hutu ethnic origin?",
      "Roughly 85 %"
    ],
    "Hutu:::NORP": [
      "What is the ethnic origin of 85 % of the population?",
      "Hutu"
    ],
    "15 %:::PERCENT": [
      "What percentage of the population is Tutsi?",
      "15 %"
    ],
    "Tutsi:::NORP": [
      "15 % of the population are of what ethnic origin?",
      "Tutsi"
    ],
    "fewer than 1 %:::PERCENT": [
      "What percentage of the population is indigenous Twa?",
      "fewer than 1 %"
    ],
    "Twa -LRB:::ORG": [
      "What is another name for Pygmies?",
      "Twa -LRB"
    ],
    "Pygmies:::NORP": [
      "What is another name for Twa?",
      "Pygmies"
    ],
    "315:::CARDINAL": [
      "What is the population density per square kilometer?",
      "315"
    ],
    "second:::ORDINAL": [
      "Where does the population density rank in Sub-Saharan Africa?",
      "second"
    ],
    "Sub-Saharan Africa:::LOC": [
      "Where is the population density the highest?",
      "Sub-Saharan Africa"
    ]
  },
  "72452": {
    "Jane Bryan 's:::PERSON": [
      "What was the last year of Jane Bryan's screen career?",
      "Jane Bryan 's"
    ],
    "only four years:::DATE": [
      "How long did Jane Bryan's screen career last?",
      "only four years"
    ],
    "Marked Woman -LRB- 1937 -RRB:::WORK_OF_ART": [
      "What film featured Bette Davis and Humphrey Bogart?",
      "Marked Woman -LRB- 1937 -RRB"
    ],
    "Bette Davis:::PERSON": [
      "Along with Humphrey Bogart, who played a prominent role in Marked Woman?",
      "Bette Davis"
    ],
    "Humphrey Bogart:::PERSON": [
      "Along with Bette Davis, who starred in Marked Woman?",
      "Humphrey Bogart"
    ],
    "1937:::DATE": [
      "When was Marked Woman released?",
      "1937"
    ],
    "Edward G. Robinson:::PERSON": [
      "Who starred with Bette Davis and Humphrey Bogart in Kid Galahad?",
      "Edward G. Robinson"
    ],
    "1938:::DATE": [
      "When was A Slight Case of Murder released?",
      "1938"
    ],
    "Each Dawn I Die -LRB- 1939 -RRB:::WORK_OF_ART": [
      "What film did James Cagney star in with George Raft?",
      "Each Dawn I Die -LRB- 1939 -RRB"
    ],
    "James Cagney:::PERSON": [
      "Who starred with George Raft in the film Each Dawn I Die?",
      "James Cagney"
    ],
    "George Raft:::PERSON": [
      "Along with James Cagney, who starred in Each Dawn I Die?",
      "George Raft"
    ],
    "Invisible Stripes -LRB- 1939 -RRB:::WORK_OF_ART": [
      "What film was starring George Raft, William Holden, and Humphrey Bogart?",
      "Invisible Stripes -LRB- 1939 -RRB"
    ],
    "William Holden:::PERSON": [
      "Who played Humphrey Bogart in Invisible Strips?",
      "William Holden"
    ],
    "1939:::DATE": [
      "When was Each Dawn I Die released?",
      "1939"
    ],
    "Miriam Hopkins:::PERSON": [
      "Along with Bette Davis and Humphrey Bogart, who starred in The Old Maid?",
      "Miriam Hopkins"
    ]
  }
}